Date Time,Open,High,Low,Close,Volume,Adj Close
2012-08-16 00:00:00,14.61000,14.71000,14.53000,14.68000,976828,14.68000
2012-08-17 00:00:00,14.72000,14.76000,14.59000,14.76000,512393,14.76000
2012-08-20 00:00:00,14.73000,14.85000,14.71000,14.79000,566991,14.79000
2012-08-21 00:00:00,14.76000,14.83000,14.51000,14.60000,795965,14.60000
2012-08-22 00:00:00,14.60000,14.76000,14.47000,14.76000,773435,14.76000
2012-08-23 00:00:00,14.60000,14.71000,14.36000,14.66000,942685,14.66000
2012-08-24 00:00:00,14.48000,14.54000,14.36000,14.46000,730451,14.46000
2012-08-27 00:00:00,14.46000,14.46000,14.23000,14.34000,838165,14.34000
2012-08-28 00:00:00,14.29000,14.52000,14.17000,14.50000,842039,14.50000
2012-08-29 00:00:00,14.43000,14.58000,14.29000,14.42000,960232,14.42000
2012-08-30 00:00:00,14.30000,14.44000,14.22000,14.44000,1171511,14.44000
2012-08-31 00:00:00,14.52000,14.57000,14.19000,14.23000,595814,14.23000
2012-09-03 00:00:00,14.23000,14.35000,14.18000,14.30000,411897,14.30000
2012-09-04 00:00:00,14.20000,14.33000,14.08000,14.28000,586145,14.28000
2012-09-05 00:00:00,14.31000,14.32000,14.06000,14.26000,517229,14.26000
2012-09-06 00:00:00,14.30000,14.51000,14.12000,14.35000,524157,14.35000
2012-09-10 00:00:00,14.48000,14.60000,14.24000,14.43000,408372,14.43000
2012-09-11 00:00:00,14.40000,14.56000,14.40000,14.45000,1001783,14.45000
2012-09-12 00:00:00,14.45000,14.70000,14.44000,14.60000,1067489,14.60000
2012-09-13 00:00:00,14.48000,15.06000,14.43000,15.06000,895511,15.06000
2012-09-14 00:00:00,15.06000,15.34000,14.96000,15.04000,1100167,15.04000
2012-09-17 00:00:00,15.09000,15.34000,15.05000,15.11000,768766,15.11000
2012-09-18 00:00:00,15.19000,15.25000,14.90000,14.90000,471819,14.90000
2012-09-19 00:00:00,15.03000,15.11000,14.80000,15.00000,1086658,15.00000
2012-09-20 00:00:00,14.83000,14.97000,14.79000,14.92000,1026412,14.92000
2012-09-21 00:00:00,15.06000,15.28000,14.99000,15.25000,721731,15.25000
2012-09-24 00:00:00,15.12000,15.24000,14.95000,15.09000,1037050,15.09000
2012-09-25 00:00:00,14.92000,14.94000,14.13000,14.21000,1339778,14.21000
2012-09-26 00:00:00,14.18000,14.21000,13.77000,14.06000,1405664,14.06000
2012-09-27 00:00:00,14.07000,14.24000,13.95000,14.19000,1646878,14.19000
2012-09-28 00:00:00,14.05000,14.05000,13.65000,14.03000,1128349,14.03000
2012-10-01 00:00:00,13.99000,14.30000,13.84000,14.20000,507398,14.20000
2012-10-02 00:00:00,14.17000,14.39000,14.11000,14.26000,557629,14.26000
2012-10-03 00:00:00,14.27000,14.30000,13.81000,13.89000,443946,13.89000
2012-10-04 00:00:00,13.95000,13.97000,13.64000,13.97000,421889,13.97000
2012-10-05 00:00:00,14.00000,14.10000,13.74000,13.91000,906452,13.91000
2012-10-08 00:00:00,13.88000,13.91000,13.66000,13.91000,490008,13.91000
2012-10-09 00:00:00,13.86000,13.88000,13.45000,13.50000,1222892,13.50000
2012-10-10 00:00:00,13.47000,13.64000,13.37000,13.47000,2339184,13.47000
2012-10-11 00:00:00,13.45000,13.66000,13.40000,13.62000,2150288,13.62000
2012-10-15 00:00:00,13.97000,14.01000,13.62000,13.71000,1943527,13.71000
2012-10-16 00:00:00,13.78000,13.99000,13.76000,13.99000,1567192,13.99000
2012-10-17 00:00:00,13.99000,14.12000,13.82000,14.12000,1339154,14.12000
2012-10-18 00:00:00,14.04000,14.18000,13.91000,14.12000,1003396,14.12000
2012-10-19 00:00:00,14.08000,14.12000,13.94000,14.08000,887612,14.08000
2012-10-22 00:00:00,14.09000,14.18000,13.84000,13.92000,1002095,13.92000
2012-10-23 00:00:00,13.94000,13.94000,13.64000,13.77000,884558,13.77000
2012-10-24 00:00:00,13.73000,13.91000,13.65000,13.87000,1634176,13.87000
2012-10-25 00:00:00,13.94000,14.16000,13.81000,14.16000,555563,14.16000
2012-10-26 00:00:00,14.02000,14.18000,13.94000,14.02000,3494461,14.02000
2012-10-29 00:00:00,14.02000,14.11000,13.87000,14.11000,247664,14.11000
2012-10-30 00:00:00,14.00000,14.22000,13.99000,14.22000,2226625,14.22000
2012-10-31 00:00:00,14.23000,14.24000,13.89000,14.06000,746222,14.06000
2012-11-01 00:00:00,14.09000,14.60000,13.99000,14.60000,1021757,14.60000
2012-11-05 00:00:00,14.40000,14.79000,14.29000,14.61000,1596173,14.61000
2012-11-06 00:00:00,14.60000,14.83000,14.53000,14.80000,806290,14.80000
2012-11-07 00:00:00,14.64000,14.72000,14.32000,14.48000,988263,14.48000
2012-11-08 00:00:00,14.56000,14.63000,14.12000,14.27000,705805,14.27000
2012-11-09 00:00:00,14.21000,14.35000,14.07000,14.26000,962817,14.26000
2012-11-12 00:00:00,14.10000,14.29000,14.09000,14.11000,567465,14.11000
2012-11-13 00:00:00,14.15000,14.45000,14.06000,14.45000,1427082,14.45000
2012-11-14 00:00:00,14.32000,14.46000,14.18000,14.31000,591783,14.31000
2012-11-16 00:00:00,15.32000,15.82000,15.05000,15.10000,12044679,15.10000
2012-11-19 00:00:00,15.06000,15.90000,15.06000,15.81000,3266764,15.81000
2012-11-21 00:00:00,15.87000,16.11000,15.69000,16.11000,4842999,16.11000
2012-11-22 00:00:00,16.06000,16.27000,15.97000,16.24000,1993121,16.24000
2012-11-23 00:00:00,16.20000,16.56000,16.02000,16.56000,2461751,16.56000
2012-11-26 00:00:00,16.42000,16.49000,16.19000,16.49000,3175957,16.49000
2012-11-27 00:00:00,16.45000,16.60000,16.13000,16.19000,8081105,16.19000
2012-11-28 00:00:00,16.16000,16.17000,15.60000,15.95000,6218732,15.95000
2012-11-29 00:00:00,16.03000,16.19000,15.68000,16.19000,6320025,16.19000
2012-11-30 00:00:00,16.32000,17.08000,16.17000,17.08000,93611303,17.08000
2012-12-03 00:00:00,17.03000,17.31000,16.86000,17.19000,7443713,17.19000
2012-12-04 00:00:00,17.07000,17.19000,16.89000,17.02000,3872749,17.02000
2012-12-05 00:00:00,17.06000,17.44000,16.93000,17.30000,3328439,17.30000
2012-12-06 00:00:00,17.30000,17.39000,16.98000,17.12000,3181589,17.12000
2012-12-07 00:00:00,17.07000,17.38000,17.01000,17.27000,5398707,17.27000
2012-12-10 00:00:00,17.12000,18.06000,17.11000,17.68000,6138201,17.68000
2012-12-11 00:00:00,17.58000,18.01000,17.58000,18.01000,3393677,18.01000
2012-12-12 00:00:00,17.86000,18.20000,17.81000,18.18000,3148401,18.18000
2012-12-13 00:00:00,18.10000,19.03000,18.05000,18.59000,6245782,18.59000
2012-12-14 00:00:00,18.80000,18.80000,17.93000,18.33000,2240966,18.33000
2012-12-17 00:00:00,18.33000,18.39000,18.04000,18.09000,1438831,18.09000
2012-12-18 00:00:00,17.91000,18.39000,17.91000,18.30000,4659384,18.30000
2012-12-19 00:00:00,18.44000,18.87000,18.08000,18.87000,2809578,18.87000
2012-12-20 00:00:00,18.72000,18.80000,18.30000,18.41000,1612111,18.41000
2012-12-21 00:00:00,18.32000,18.80000,18.28000,18.80000,1222233,18.80000
2012-12-26 00:00:00,18.92000,18.94000,18.24000,18.24000,952991,18.24000
2012-12-27 00:00:00,18.37000,18.50000,18.11000,18.15000,813514,18.15000
2012-12-28 00:00:00,18.19000,18.50000,18.09000,18.14000,1607427,18.14000
2013-01-02 00:00:00,18.33000,18.94000,18.33000,18.77000,1795205,18.77000
2013-01-03 00:00:00,18.77000,19.90000,18.72000,19.79000,3365311,19.79000
2013-01-04 00:00:00,19.59000,19.76000,19.25000,19.68000,2050441,19.68000
2013-01-07 00:00:00,19.68000,19.70000,19.26000,19.27000,1664442,19.27000
2013-01-08 00:00:00,19.36000,19.47000,19.09000,19.21000,2124677,19.21000
2013-01-09 00:00:00,19.38000,19.64000,19.26000,19.64000,2014520,19.64000
2013-01-10 00:00:00,19.65000,19.71000,19.36000,19.52000,3828607,19.52000
2013-01-11 00:00:00,19.50000,19.50000,19.21000,19.31000,1078747,19.31000
2013-01-14 00:00:00,19.33000,19.88000,19.33000,19.65000,1669594,19.65000
2013-01-15 00:00:00,19.62000,19.70000,19.37000,19.37000,1531259,19.37000
2013-01-16 00:00:00,19.23000,19.52000,19.12000,19.52000,1941420,19.52000
2013-01-17 00:00:00,19.51000,19.83000,19.50000,19.66000,1938841,19.66000
2013-01-18 00:00:00,19.72000,19.79000,19.53000,19.79000,1036071,19.79000
2013-01-21 00:00:00,19.72000,19.88000,19.57000,19.57000,918514,19.57000
2013-01-22 00:00:00,19.62000,19.83000,19.44000,19.73000,895812,19.73000
2013-01-23 00:00:00,19.78000,19.78000,19.36000,19.41000,1526102,19.41000
2013-01-24 00:00:00,19.38000,19.57000,19.16000,19.44000,1055549,19.44000
2013-01-28 00:00:00,19.29000,19.54000,18.76000,18.93000,3791095,18.93000
2013-01-29 00:00:00,18.87000,19.00000,18.29000,18.32000,6041571,18.32000
2013-01-30 00:00:00,18.29000,18.77000,18.14000,18.27000,5886182,18.27000
2013-01-31 00:00:00,18.40000,18.93000,18.33000,18.93000,2343869,18.93000
2013-02-01 00:00:00,18.67000,18.93000,18.61000,18.79000,2094240,18.79000
2013-02-04 00:00:00,18.70000,18.77000,18.41000,18.61000,1877003,18.61000
2013-02-05 00:00:00,18.46000,19.00000,18.31000,18.60000,1540264,18.60000
2013-02-06 00:00:00,18.64000,18.76000,18.21000,18.39000,1338826,18.39000
2013-02-07 00:00:00,18.39000,18.53000,17.96000,18.33000,8869685,18.33000
2013-02-08 00:00:00,18.13000,18.86000,18.01000,18.82000,4383220,18.82000
2013-02-13 00:00:00,18.83000,19.07000,18.83000,18.92000,3495600,18.92000
2013-02-14 00:00:00,18.75000,18.98000,18.68000,18.70000,3741836,18.70000
2013-02-15 00:00:00,18.70000,19.43000,18.69000,19.28000,5893577,19.28000
2013-02-18 00:00:00,19.28000,19.60000,19.14000,19.57000,2155922,19.57000
2013-02-19 00:00:00,19.55000,19.55000,19.21000,19.23000,3053538,19.23000
2013-02-20 00:00:00,19.27000,19.29000,18.81000,18.85000,1714983,18.85000
2013-02-21 00:00:00,18.72000,19.06000,18.59000,18.81000,3606705,18.81000
2013-02-22 00:00:00,18.92000,19.06000,18.77000,19.02000,3546959,19.02000
2013-02-25 00:00:00,19.11000,19.28000,18.88000,18.88000,1608737,18.88000
2013-02-26 00:00:00,18.68000,18.77000,18.31000,18.63000,3533107,18.63000
2013-02-27 00:00:00,18.75000,18.76000,18.23000,18.60000,1671851,18.60000
2013-02-28 00:00:00,18.61000,18.98000,18.57000,18.89000,2873507,18.89000
2013-03-01 00:00:00,18.74000,19.22000,18.69000,19.14000,2503606,19.14000
2013-03-04 00:00:00,19.09000,19.40000,18.98000,19.33000,2907810,19.33000
2013-03-05 00:00:00,19.37000,19.57000,19.22000,19.22000,2905710,19.22000
2013-03-06 00:00:00,19.32000,19.43000,19.13000,19.29000,1711135,19.29000
2013-03-07 00:00:00,19.37000,19.61000,19.15000,19.53000,2034340,19.53000
2013-03-08 00:00:00,19.36000,19.74000,19.36000,19.58000,1974121,19.58000
2013-03-11 00:00:00,19.57000,19.81000,19.31000,19.49000,1831432,19.49000
2013-03-12 00:00:00,19.64000,19.74000,19.38000,19.56000,3497366,19.56000
2013-03-13 00:00:00,19.55000,19.95000,19.54000,19.89000,4156336,19.89000
2013-03-14 00:00:00,19.94000,20.04000,19.58000,20.04000,3664531,20.04000
2013-03-15 00:00:00,20.10000,20.47000,19.83000,20.47000,12568855,20.47000
2013-03-18 00:00:00,20.28000,20.36000,19.59000,19.68000,2901383,19.68000
2013-03-19 00:00:00,19.82000,20.01000,19.54000,19.61000,1925486,19.61000
2013-03-20 00:00:00,19.58000,19.85000,19.54000,19.74000,918982,19.74000
2013-03-21 00:00:00,19.85000,19.85000,19.45000,19.74000,2085237,19.74000
2013-03-22 00:00:00,19.85000,20.01000,19.49000,19.54000,1447856,19.54000
2013-03-25 00:00:00,19.81000,19.81000,19.35000,19.50000,1318202,19.50000
2013-03-26 00:00:00,19.42000,19.93000,19.42000,19.70000,1753946,19.70000
2013-03-27 00:00:00,19.78000,20.06000,19.69000,20.06000,6036477,20.06000
2013-03-28 00:00:00,20.03000,20.78000,20.03000,20.78000,1704608,20.78000
2013-04-01 00:00:00,20.76000,20.87000,20.35000,20.42000,901130,20.42000
2013-04-02 00:00:00,20.55000,20.58000,20.26000,20.38000,2036999,20.38000
2013-04-03 00:00:00,20.24000,20.97000,20.23000,20.97000,1762111,20.97000
2013-04-04 00:00:00,20.91000,20.97000,20.50000,20.57000,2734230,20.57000
2013-04-05 00:00:00,20.55000,20.58000,19.99000,20.27000,2969181,20.27000
2013-04-08 00:00:00,20.30000,20.50000,19.97000,20.10000,1705785,20.10000
2013-04-09 00:00:00,20.22000,20.94000,20.22000,20.56000,1896266,20.56000
2013-04-10 00:00:00,20.74000,21.26000,20.58000,20.92000,2544775,20.92000
2013-04-11 00:00:00,21.13000,21.23000,20.74000,21.10000,2220305,21.10000
2013-04-12 00:00:00,21.08000,21.26000,20.88000,20.98000,1347515,20.98000
2013-04-15 00:00:00,20.80000,21.13000,20.68000,20.68000,1522467,20.68000
2013-04-16 00:00:00,21.21000,21.21000,20.84000,21.13000,2208463,21.13000
2013-04-17 00:00:00,20.52000,20.67000,19.70000,19.93000,4200974,19.93000
2013-04-18 00:00:00,20.00000,20.30000,19.67000,19.70000,1976131,19.70000
2013-04-19 00:00:00,19.79000,19.96000,19.49000,19.87000,1616396,19.87000
2013-04-22 00:00:00,20.08000,20.08000,19.71000,19.90000,1648582,19.90000
2013-04-23 00:00:00,19.79000,20.32000,19.79000,20.24000,5572035,20.24000
2013-04-24 00:00:00,20.15000,20.49000,20.12000,20.12000,1482696,20.12000
2013-04-25 00:00:00,20.19000,20.40000,20.04000,20.21000,2100192,20.21000
2013-04-26 00:00:00,20.23000,20.41000,19.73000,19.74000,2512159,19.74000
2013-04-29 00:00:00,19.96000,20.04000,19.70000,19.84000,1789175,19.84000
2013-04-30 00:00:00,19.76000,20.46000,19.70000,20.46000,3361548,20.46000
2013-05-02 00:00:00,20.36000,20.71000,20.20000,20.51000,1610698,20.51000
2013-05-03 00:00:00,20.67000,20.77000,20.27000,20.31000,10674328,20.31000
2013-05-06 00:00:00,20.29000,20.32000,19.67000,19.82000,3650463,19.82000
2013-05-07 00:00:00,19.80000,20.39000,19.76000,20.22000,1291627,20.22000
2013-05-08 00:00:00,20.25000,20.67000,20.25000,20.54000,903214,20.54000
2013-05-09 00:00:00,20.54000,20.71000,20.08000,20.23000,1482531,20.23000
2013-05-10 00:00:00,20.18000,20.33000,19.85000,20.12000,1525403,20.12000
2013-05-13 00:00:00,20.01000,20.11000,19.68000,19.86000,1416843,19.86000
2013-05-14 00:00:00,19.86000,20.09000,19.74000,19.85000,1143135,19.85000
2013-05-15 00:00:00,19.83000,20.39000,19.83000,20.01000,682312,20.01000
2013-05-16 00:00:00,19.97000,20.50000,19.97000,20.32000,1356584,20.32000
2013-05-17 00:00:00,20.49000,20.61000,20.32000,20.51000,578453,20.51000
2013-05-20 00:00:00,20.35000,21.05000,20.35000,20.89000,905848,20.89000
2013-05-21 00:00:00,20.89000,21.10000,20.67000,20.98000,721364,20.98000
2013-05-22 00:00:00,20.99000,21.32000,20.87000,21.23000,1132758,21.23000
2013-05-23 00:00:00,21.04000,21.09000,20.58000,20.67000,1741625,20.67000
2013-05-24 00:00:00,20.67000,20.80000,20.36000,20.52000,1448895,20.52000
2013-05-27 00:00:00,20.56000,20.66000,20.39000,20.39000,407130,20.39000
2013-05-28 00:00:00,20.55000,20.89000,20.55000,20.71000,1399589,20.71000
2013-05-29 00:00:00,20.56000,20.78000,20.41000,20.54000,1668179,20.54000
2013-05-31 00:00:00,20.35000,21.22000,20.35000,21.10000,4868366,21.10000
2013-06-03 00:00:00,20.95000,21.09000,20.49000,20.69000,2957475,20.69000
2013-06-04 00:00:00,20.65000,20.76000,20.29000,20.38000,1324110,20.38000
2013-06-05 00:00:00,20.58000,20.58000,19.74000,19.74000,2169680,19.74000
2013-06-06 00:00:00,19.88000,19.95000,19.50000,19.70000,1156893,19.70000
2013-06-07 00:00:00,19.24000,20.09000,19.24000,19.48000,1130409,19.48000
2013-06-10 00:00:00,19.39000,19.96000,19.37000,19.63000,3393447,19.63000
2013-06-11 00:00:00,19.59000,19.59000,18.98000,18.98000,4833563,18.98000
2013-06-12 00:00:00,19.10000,19.25000,18.81000,19.04000,6523253,19.04000
2013-06-13 00:00:00,19.04000,19.30000,18.78000,18.84000,4814226,18.84000
2013-06-14 00:00:00,18.88000,19.04000,18.43000,18.43000,4064343,18.43000
2013-06-17 00:00:00,18.58000,18.98000,18.55000,18.64000,1572646,18.64000
2013-06-18 00:00:00,18.52000,18.77000,18.41000,18.53000,1668917,18.53000
2013-06-19 00:00:00,18.53000,18.66000,17.97000,17.98000,1329364,17.98000
2013-06-20 00:00:00,17.69000,18.33000,17.38000,18.14000,3498313,18.14000
2013-06-21 00:00:00,18.07000,18.44000,17.82000,18.14000,3923748,18.14000
2013-06-24 00:00:00,17.84000,18.10000,17.42000,17.62000,3089146,17.62000
2013-06-25 00:00:00,17.79000,18.01000,17.51000,17.74000,7539250,17.74000
2013-06-26 00:00:00,17.84000,18.30000,17.69000,17.85000,1110662,17.85000
2013-06-27 00:00:00,17.88000,18.24000,17.85000,17.94000,1864361,17.94000
2013-06-28 00:00:00,17.89000,18.33000,17.76000,18.21000,4902301,18.21000
2013-07-01 00:00:00,18.30000,18.45000,18.05000,18.33000,2085135,18.33000
2013-07-02 00:00:00,18.37000,18.37000,17.57000,17.75000,4317990,17.75000
2013-07-03 00:00:00,17.57000,18.11000,17.45000,17.69000,4834571,17.69000
2013-07-04 00:00:00,17.97000,18.13000,17.75000,17.75000,2154742,17.75000
2013-07-05 00:00:00,17.39000,17.74000,16.82000,17.12000,2877302,17.12000
2013-07-08 00:00:00,17.13000,17.44000,16.86000,16.99000,1516327,16.99000
2013-07-10 00:00:00,17.07000,17.55000,17.07000,17.15000,2004077,17.15000
2013-07-11 00:00:00,17.45000,18.14000,17.45000,18.01000,2793763,18.01000
2013-07-12 00:00:00,17.89000,18.26000,17.88000,18.06000,2341589,18.06000
2013-07-15 00:00:00,18.19000,19.04000,18.04000,18.97000,3611541,18.97000
2013-07-16 00:00:00,19.15000,19.26000,18.81000,19.06000,3702986,19.06000
2013-07-17 00:00:00,19.14000,20.04000,19.14000,19.59000,6293266,19.59000
2013-07-18 00:00:00,19.42000,20.02000,18.97000,18.97000,6876244,18.97000
2013-07-19 00:00:00,18.90000,19.06000,18.32000,18.49000,5380095,18.49000
2013-07-22 00:00:00,18.38000,19.44000,18.08000,19.13000,7147912,19.13000
2013-07-23 00:00:00,19.38000,19.56000,19.17000,19.36000,1658242,19.36000
2013-07-24 00:00:00,19.25000,19.36000,18.70000,19.06000,1847987,19.06000
2013-07-25 00:00:00,19.03000,19.21000,18.79000,19.02000,1983306,19.02000
2013-07-26 00:00:00,18.91000,19.03000,18.42000,18.50000,1629565,18.50000
2013-07-29 00:00:00,18.43000,18.78000,18.41000,18.67000,1445819,18.67000
2013-07-30 00:00:00,18.85000,19.19000,18.58000,18.63000,1952440,18.63000
2013-07-31 00:00:00,18.40000,18.72000,18.32000,18.40000,2024409,18.40000
2013-08-01 00:00:00,18.58000,19.00000,18.54000,18.72000,1233560,18.72000
2013-08-02 00:00:00,18.65000,18.99000,18.37000,18.44000,1205454,18.44000
2013-08-05 00:00:00,18.42000,18.55000,17.93000,18.10000,2166320,18.10000
2013-08-06 00:00:00,18.28000,18.28000,17.52000,17.56000,1797942,17.56000
2013-08-07 00:00:00,17.48000,17.90000,17.46000,17.64000,1231636,17.64000
2013-08-08 00:00:00,17.65000,18.44000,17.65000,18.23000,1398708,18.23000
2013-08-09 00:00:00,18.41000,18.67000,18.00000,18.35000,1369598,18.35000
2013-08-12 00:00:00,18.53000,19.04000,18.44000,18.70000,1777619,18.70000
2013-08-13 00:00:00,18.82000,19.19000,18.78000,19.19000,1391399,19.19000
2013-08-14 00:00:00,19.25000,19.25000,18.84000,18.98000,2568195,18.98000
2013-08-15 00:00:00,18.74000,19.10000,18.48000,18.69000,1784779,18.69000
2013-08-16 00:00:00,18.69000,19.01000,18.50000,18.81000,1175031,18.81000
2013-08-19 00:00:00,18.72000,19.00000,18.56000,18.89000,1917749,18.89000
2013-08-20 00:00:00,18.89000,18.89000,18.42000,18.58000,1339013,18.58000
2013-08-21 00:00:00,18.44000,18.62000,18.22000,18.28000,2098877,18.28000
2013-08-22 00:00:00,18.46000,18.59000,18.17000,18.29000,1633805,18.29000
2013-08-23 00:00:00,18.29000,18.89000,18.29000,18.83000,1419774,18.83000
2013-08-26 00:00:00,18.79000,18.97000,18.54000,18.54000,1298955,18.54000
2013-08-27 00:00:00,18.34000,18.47000,18.05000,18.09000,1569886,18.09000
2013-08-28 00:00:00,18.26000,18.29000,17.88000,17.91000,969638,17.91000
2013-08-29 00:00:00,17.93000,18.42000,17.93000,18.17000,1670386,18.17000
2013-08-30 00:00:00,18.33000,18.83000,18.18000,18.83000,8775861,18.83000
2013-09-02 00:00:00,19.01000,19.30000,18.83000,18.83000,1808782,18.83000
2013-09-03 00:00:00,19.02000,19.05000,18.49000,18.49000,3049502,18.49000
2013-09-04 00:00:00,18.47000,18.88000,18.43000,18.87000,2284226,18.87000
2013-09-05 00:00:00,18.72000,19.07000,18.70000,19.01000,4082027,19.01000
2013-09-06 00:00:00,19.14000,19.65000,19.08000,19.46000,3257677,19.46000
2013-09-09 00:00:00,19.56000,20.33000,19.51000,20.30000,4211803,20.30000
2013-09-10 00:00:00,20.34000,20.74000,20.29000,20.57000,6368459,20.57000
2013-09-11 00:00:00,20.48000,20.68000,20.45000,20.68000,3960030,20.68000
2013-09-12 00:00:00,20.66000,20.69000,20.29000,20.32000,3322038,20.32000
2013-09-13 00:00:00,20.51000,20.57000,20.13000,20.54000,1329082,20.54000
2013-09-16 00:00:00,20.62000,20.77000,20.50000,20.55000,1158643,20.55000
2013-09-17 00:00:00,20.55000,20.84000,20.51000,20.82000,2059382,20.82000
2013-09-18 00:00:00,20.82000,21.81000,20.75000,21.53000,2309830,21.53000
2013-09-19 00:00:00,21.41000,21.59000,21.12000,21.39000,2850829,21.39000
2013-09-20 00:00:00,21.24000,21.50000,20.95000,20.95000,2461684,20.95000
2013-09-23 00:00:00,21.17000,21.32000,20.95000,21.16000,1669211,21.16000
2013-09-24 00:00:00,21.23000,21.29000,20.94000,21.14000,1743834,21.14000
2013-09-25 00:00:00,21.00000,21.37000,20.88000,21.00000,1902846,21.00000
2013-09-26 00:00:00,21.00000,21.19000,20.86000,21.00000,1853538,21.00000
2013-09-27 00:00:00,21.00000,21.65000,20.93000,21.41000,2643097,21.41000
2013-09-30 00:00:00,21.25000,21.35000,20.57000,20.57000,2512592,20.57000
2013-10-01 00:00:00,20.95000,21.01000,20.45000,20.87000,1369886,20.87000
2013-10-02 00:00:00,20.78000,21.20000,20.78000,21.04000,1092808,21.04000
2013-10-03 00:00:00,20.88000,21.15000,20.74000,21.03000,1629421,21.03000
2013-10-04 00:00:00,20.87000,21.22000,20.87000,21.06000,1124265,21.06000
2013-10-07 00:00:00,21.06000,21.27000,20.89000,21.09000,748736,21.09000
2013-10-08 00:00:00,21.14000,21.21000,20.85000,20.97000,1816664,20.97000
2013-10-09 00:00:00,21.10000,21.60000,21.03000,21.35000,1362863,21.35000
2013-10-10 00:00:00,21.48000,21.72000,21.34000,21.64000,1496434,21.64000
2013-10-11 00:00:00,21.55000,21.78000,21.44000,21.46000,1051851,21.46000
2013-10-14 00:00:00,21.52000,22.03000,21.31000,21.90000,1234427,21.90000
2013-10-15 00:00:00,21.91000,22.02000,21.70000,21.87000,2148911,21.87000
2013-10-16 00:00:00,21.98000,22.26000,21.04000,21.90000,3335493,21.90000
2013-10-17 00:00:00,21.87000,22.22000,21.87000,21.96000,1704901,21.96000
2013-10-18 00:00:00,21.94000,22.29000,21.93000,22.07000,1770891,22.07000
2013-10-21 00:00:00,22.08000,22.15000,21.50000,21.61000,1321040,21.61000
2013-10-22 00:00:00,21.78000,22.12000,21.66000,21.99000,1196816,21.99000
2013-10-23 00:00:00,21.88000,22.00000,21.47000,21.47000,1434707,21.47000
2013-10-24 00:00:00,21.66000,21.66000,21.15000,21.25000,1517502,21.25000
2013-10-25 00:00:00,21.35000,21.45000,21.09000,21.22000,1491454,21.22000
2013-10-28 00:00:00,21.24000,21.44000,21.12000,21.22000,1427524,21.22000
2013-10-29 00:00:00,21.44000,21.59000,21.26000,21.44000,2098281,21.44000
2013-10-30 00:00:00,21.46000,21.70000,21.22000,21.41000,1427086,21.41000
2013-10-31 00:00:00,21.27000,21.59000,21.07000,21.43000,2123599,21.43000
2013-11-01 00:00:00,21.54000,21.54000,21.07000,21.08000,1775569,21.08000
2013-11-04 00:00:00,21.16000,21.80000,21.16000,21.69000,1690998,21.69000
2013-11-05 00:00:00,21.78000,21.80000,21.37000,21.53000,1318979,21.53000
2013-11-06 00:00:00,21.35000,21.55000,21.03000,21.04000,3230015,21.04000
2013-11-07 00:00:00,21.00000,21.19000,20.46000,20.70000,2555311,20.70000
2013-11-08 00:00:00,20.55000,20.79000,20.10000,20.27000,3276827,20.27000
2013-11-11 00:00:00,20.28000,20.51000,20.18000,20.20000,1434123,20.20000
2013-11-12 00:00:00,20.28000,20.62000,19.90000,20.03000,1909437,20.03000
2013-11-13 00:00:00,19.97000,20.43000,19.93000,20.23000,1663505,20.23000
2013-11-14 00:00:00,20.26000,20.95000,20.26000,20.83000,1636152,20.83000
2013-11-18 00:00:00,20.60000,21.09000,20.60000,20.90000,1441739,20.90000
2013-11-19 00:00:00,20.75000,20.86000,20.08000,20.21000,1653123,20.21000
2013-11-21 00:00:00,19.91000,20.27000,19.91000,20.15000,1472882,20.15000
2013-11-22 00:00:00,19.99000,20.36000,19.65000,19.93000,2302512,19.93000
2013-11-25 00:00:00,19.92000,20.17000,19.59000,19.75000,1390078,19.75000
2013-11-26 00:00:00,19.59000,20.45000,19.59000,20.30000,4856520,20.30000
2013-11-27 00:00:00,20.17000,20.63000,20.11000,20.46000,2226303,20.46000
2013-11-28 00:00:00,20.83000,20.83000,20.24000,20.39000,633000,20.39000
2013-11-29 00:00:00,20.42000,20.73000,20.41000,20.49000,1046140,20.49000
2013-12-02 00:00:00,20.15000,20.78000,20.04000,20.04000,1313121,20.04000
2013-12-03 00:00:00,19.84000,20.14000,19.53000,19.56000,1666435,19.56000
2013-12-04 00:00:00,19.72000,19.90000,19.29000,19.30000,1745138,19.30000
2013-12-05 00:00:00,19.33000,19.54000,19.17000,19.26000,1666727,19.26000
2013-12-06 00:00:00,19.29000,19.57000,19.02000,19.07000,1594007,19.07000
2013-12-09 00:00:00,19.35000,19.36000,19.01000,19.01000,1512522,19.01000
2013-12-10 00:00:00,18.91000,19.22000,18.79000,18.79000,2029972,18.79000
2013-12-11 00:00:00,18.88000,18.95000,18.45000,18.48000,1517216,18.48000
2013-12-12 00:00:00,18.53000,18.58000,18.15000,18.46000,1996623,18.46000
2013-12-13 00:00:00,18.55000,18.85000,18.51000,18.53000,2082343,18.53000
2013-12-16 00:00:00,18.53000,18.96000,18.53000,18.58000,1673448,18.58000
2013-12-17 00:00:00,18.67000,18.82000,18.56000,18.70000,2618660,18.70000
2013-12-18 00:00:00,18.83000,18.91000,18.53000,18.64000,4017807,18.64000
2013-12-19 00:00:00,18.71000,19.03000,18.61000,18.92000,3922850,18.92000
2013-12-20 00:00:00,18.99000,19.08000,18.73000,18.79000,10584789,18.79000
2013-12-23 00:00:00,18.77000,19.07000,18.70000,18.73000,2033767,18.73000
2013-12-26 00:00:00,18.74000,18.95000,18.73000,18.73000,497985,18.73000
2013-12-27 00:00:00,18.80000,19.10000,18.80000,18.89000,788671,18.89000
2013-12-30 00:00:00,19.04000,19.38000,19.00000,19.29000,1440259,19.29000
2014-01-02 00:00:00,19.17000,19.36000,19.03000,19.16000,1377350,19.16000
2014-01-03 00:00:00,19.06000,19.12000,18.55000,18.64000,5369276,18.64000
2014-01-06 00:00:00,18.60000,18.90000,18.60000,18.85000,1753328,18.85000
2014-01-07 00:00:00,18.72000,19.03000,18.49000,18.49000,1474060,18.49000
2014-01-08 00:00:00,18.51000,18.73000,18.33000,18.43000,1062369,18.43000
2014-01-09 00:00:00,18.36000,18.46000,17.85000,17.87000,1422417,17.87000
2014-01-10 00:00:00,17.83000,18.36000,17.82000,18.15000,1678124,18.15000
2014-01-13 00:00:00,18.12000,18.39000,17.82000,17.88000,1182787,17.88000
2014-01-14 00:00:00,17.90000,18.11000,17.79000,18.02000,1006786,18.02000
2014-01-15 00:00:00,18.16000,18.29000,18.01000,18.14000,931456,18.14000
2014-01-16 00:00:00,18.33000,18.37000,17.83000,17.92000,1738113,17.92000
2014-01-17 00:00:00,18.00000,18.00000,17.64000,17.65000,1400324,17.65000
2014-01-20 00:00:00,17.65000,17.79000,17.47000,17.47000,623203,17.47000
2014-01-21 00:00:00,17.59000,17.99000,17.52000,17.81000,1996469,17.81000
2014-01-22 00:00:00,17.75000,18.12000,17.73000,18.01000,1522913,18.01000
2014-01-23 00:00:00,17.85000,18.27000,17.48000,17.48000,2562496,17.48000
2014-01-24 00:00:00,17.60000,17.60000,17.14000,17.27000,1669216,17.27000
2014-01-27 00:00:00,17.27000,17.52000,17.19000,17.28000,1681348,17.28000
2014-01-28 00:00:00,17.62000,17.71000,17.33000,17.33000,1379116,17.33000
2014-01-29 00:00:00,17.18000,17.31000,16.89000,17.09000,2264045,17.09000
2014-01-30 00:00:00,16.99000,17.34000,16.88000,17.09000,2205079,17.09000
2014-01-31 00:00:00,16.91000,17.40000,16.85000,17.34000,1982570,17.34000
2014-02-03 00:00:00,17.23000,17.23000,16.39000,16.52000,1936048,16.52000
2014-02-04 00:00:00,16.66000,17.22000,16.66000,17.07000,1807601,17.07000
2014-02-05 00:00:00,16.90000,17.16000,16.61000,16.81000,1480784,16.81000
2014-02-06 00:00:00,16.98000,17.39000,16.77000,17.32000,1830139,17.32000
2014-02-07 00:00:00,17.16000,17.62000,17.15000,17.50000,1517214,17.50000
2014-02-10 00:00:00,17.32000,17.53000,17.14000,17.22000,2309240,17.22000
2014-02-11 00:00:00,17.33000,17.65000,17.05000,17.60000,1776741,17.60000
2014-02-12 00:00:00,17.69000,17.69000,17.27000,17.29000,1459127,17.29000
2014-02-13 00:00:00,17.33000,17.38000,16.88000,17.32000,1509163,17.32000
2014-02-14 00:00:00,17.46000,17.63000,17.27000,17.54000,1052281,17.54000
2014-02-17 00:00:00,17.40000,17.63000,17.34000,17.40000,622621,17.40000
2014-02-18 00:00:00,17.26000,17.47000,17.08000,17.12000,1337263,17.12000
2014-02-19 00:00:00,16.99000,17.44000,16.82000,17.44000,1851498,17.44000
2014-02-20 00:00:00,17.33000,17.72000,17.17000,17.33000,1479034,17.33000
2014-02-21 00:00:00,17.27000,17.91000,17.27000,17.83000,1574995,17.83000
2014-02-24 00:00:00,17.72000,18.19000,17.71000,17.92000,1215853,17.92000
2014-02-25 00:00:00,17.75000,17.86000,17.29000,17.29000,2266235,17.29000
2014-02-26 00:00:00,17.40000,17.63000,17.08000,17.32000,1194768,17.32000
2014-02-27 00:00:00,17.50000,18.03000,17.35000,17.77000,1520284,17.77000
2014-02-28 00:00:00,17.91000,18.11000,17.69000,17.74000,2184171,17.74000
2014-03-05 00:00:00,17.69000,17.70000,17.27000,17.38000,1282996,17.38000
2014-03-06 00:00:00,17.38000,18.08000,17.27000,18.05000,1532718,18.05000
2014-03-07 00:00:00,17.88000,18.14000,17.61000,17.80000,1440842,17.80000
2014-03-10 00:00:00,17.66000,17.72000,17.19000,17.43000,2235076,17.43000
2014-03-11 00:00:00,17.48000,17.63000,17.18000,17.36000,1396663,17.36000
2014-03-12 00:00:00,17.19000,17.47000,17.19000,17.43000,1794429,17.43000
2014-03-13 00:00:00,17.60000,17.60000,17.03000,17.15000,1107870,17.15000
2014-03-14 00:00:00,17.05000,17.39000,16.94000,16.97000,1529493,16.97000
2014-03-17 00:00:00,17.01000,17.38000,17.01000,17.24000,1244522,17.24000
2014-03-18 00:00:00,17.36000,17.72000,17.18000,17.63000,1186000,17.63000
2014-03-19 00:00:00,17.52000,17.88000,17.49000,17.87000,1133914,17.87000
2014-03-20 00:00:00,17.71000,18.45000,17.71000,18.24000,1395784,18.24000
2014-03-21 00:00:00,17.99000,18.30000,17.91000,17.91000,2205664,17.91000
2014-03-24 00:00:00,17.91000,18.85000,17.91000,18.58000,1446840,18.58000
2014-03-25 00:00:00,18.77000,18.98000,18.50000,18.67000,957199,18.67000
2014-03-26 00:00:00,18.84000,19.24000,18.72000,19.22000,1553212,19.22000
2014-03-27 00:00:00,19.22000,20.34000,19.17000,20.34000,4679057,20.34000
2014-03-28 00:00:00,20.46000,20.71000,20.21000,20.23000,1312845,20.23000
2014-03-31 00:00:00,20.43000,20.54000,20.12000,20.47000,1436755,20.47000
2014-04-01 00:00:00,20.47000,20.59000,20.20000,20.57000,990406,20.57000
2014-04-02 00:00:00,20.53000,21.33000,20.47000,21.33000,1672420,21.33000
2014-04-03 00:00:00,21.14000,21.40000,20.64000,20.85000,2235075,20.85000
2014-04-04 00:00:00,21.14000,21.20000,20.18000,20.18000,3903124,20.18000
2014-04-07 00:00:00,20.48000,21.35000,20.41000,21.34000,2163536,21.34000
2014-04-08 00:00:00,21.93000,22.54000,20.61000,20.69000,7381678,20.69000
2014-04-09 00:00:00,20.61000,20.84000,20.33000,20.43000,2412679,20.43000
2014-04-10 00:00:00,20.36000,20.75000,20.15000,20.46000,10777169,20.46000
2014-04-11 00:00:00,20.31000,21.06000,20.23000,20.96000,2556484,20.96000
2014-04-14 00:00:00,21.13000,21.14000,20.49000,20.76000,1132756,20.76000
2014-04-15 00:00:00,20.52000,20.71000,19.81000,20.42000,2116285,20.42000
2014-04-16 00:00:00,20.60000,20.85000,20.41000,20.63000,1437484,20.63000
2014-04-17 00:00:00,20.65000,21.22000,20.31000,21.22000,880834,21.22000
2014-04-22 00:00:00,21.22000,21.32000,20.82000,21.12000,1017612,21.12000
2014-04-23 00:00:00,21.01000,21.11000,20.80000,20.90000,677330,20.90000
2014-04-24 00:00:00,20.96000,21.31000,20.93000,21.31000,8239409,21.31000
2014-04-25 00:00:00,21.12000,21.29000,20.89000,21.15000,580485,21.15000
2014-04-28 00:00:00,20.95000,21.24000,20.85000,21.16000,900889,21.16000
2014-04-29 00:00:00,21.31000,22.02000,21.18000,21.37000,1378970,21.37000
2014-04-30 00:00:00,21.07000,21.21000,20.73000,20.87000,1208684,20.87000
2014-05-02 00:00:00,20.75000,21.78000,20.72000,21.44000,1932103,21.44000
2014-05-05 00:00:00,21.65000,21.92000,21.46000,21.80000,962033,21.80000
2014-05-06 00:00:00,21.93000,22.15000,21.39000,21.92000,1396375,21.92000
2014-05-07 00:00:00,22.13000,22.28000,21.70000,22.13000,1394767,22.13000
2014-05-08 00:00:00,22.11000,22.25000,21.62000,21.81000,1375894,21.81000
2014-05-09 00:00:00,21.81000,21.94000,21.52000,21.55000,568201,21.55000
2014-05-12 00:00:00,21.69000,21.95000,21.59000,21.60000,1461028,21.60000
2014-05-13 00:00:00,21.52000,21.76000,21.30000,21.59000,2840731,21.59000
2014-05-14 00:00:00,21.69000,22.05000,21.51000,22.05000,1173132,22.05000
2014-05-15 00:00:00,21.82000,21.94000,21.47000,21.76000,879222,21.76000
2014-05-16 00:00:00,21.58000,22.07000,21.58000,21.89000,2335866,21.89000
2014-05-19 00:00:00,22.07000,22.07000,21.56000,21.75000,752679,21.75000
2014-05-20 00:00:00,21.85000,21.86000,21.20000,21.34000,4856507,21.34000
2014-05-21 00:00:00,21.48000,21.55000,20.92000,20.98000,4774443,20.98000
2014-05-22 00:00:00,20.73000,21.10000,20.49000,20.91000,2510690,20.91000
2014-05-23 00:00:00,20.99000,21.05000,20.43000,20.65000,995676,20.65000
2014-05-26 00:00:00,20.66000,20.74000,20.40000,20.57000,558545,20.57000
2014-05-27 00:00:00,20.51000,21.01000,20.07000,20.19000,947253,20.19000
2014-05-28 00:00:00,20.18000,20.64000,20.06000,20.25000,1774094,20.25000
2014-05-29 00:00:00,20.34000,20.41000,19.80000,19.97000,1617136,19.97000
2014-05-30 00:00:00,19.79000,19.93000,19.49000,19.49000,2244729,19.49000
2014-06-02 00:00:00,19.65000,19.87000,19.55000,19.64000,873546,19.64000
2014-06-03 00:00:00,19.52000,19.69000,19.43000,19.68000,1349263,19.68000
2014-06-04 00:00:00,19.76000,19.76000,19.39000,19.46000,1396369,19.46000
2014-06-05 00:00:00,19.48000,19.77000,19.22000,19.28000,658027,19.28000
2014-06-06 00:00:00,20.43000,20.43000,19.97000,20.39000,2003645,20.39000
2014-06-09 00:00:00,20.27000,20.90000,20.25000,20.71000,1645803,20.71000
2014-06-10 00:00:00,20.69000,21.10000,20.54000,20.96000,1441585,20.96000
2014-06-11 00:00:00,21.39000,21.47000,20.84000,21.31000,3007205,21.31000
2014-06-13 00:00:00,21.10000,21.37000,21.05000,21.15000,999475,21.15000
2014-06-16 00:00:00,21.01000,21.26000,20.86000,21.04000,1862169,21.04000
2014-06-17 00:00:00,21.02000,21.07000,20.68000,20.80000,874984,20.80000
2014-06-18 00:00:00,20.87000,21.49000,20.54000,21.48000,1416276,21.48000
2014-06-20 00:00:00,21.38000,21.49000,20.96000,21.20000,946224,21.20000
2014-06-23 00:00:00,21.17000,21.17000,20.70000,20.86000,663140,20.86000
2014-06-24 00:00:00,20.73000,21.40000,20.73000,21.32000,1746297,21.32000
2014-06-25 00:00:00,21.26000,21.35000,20.38000,20.40000,1046143,20.40000
2014-06-26 00:00:00,20.53000,20.66000,20.32000,20.45000,1088862,20.45000
2014-06-27 00:00:00,20.38000,20.59000,20.01000,20.18000,563078,20.18000
2014-06-30 00:00:00,20.23000,20.23000,19.75000,19.78000,1895236,19.78000
2014-07-01 00:00:00,19.86000,20.20000,19.72000,19.88000,822175,19.88000
2014-07-02 00:00:00,19.83000,19.99000,19.53000,19.82000,1026537,19.82000
2014-07-03 00:00:00,19.53000,20.38000,19.53000,20.38000,907454,20.38000
2014-07-04 00:00:00,20.32000,20.33000,20.03000,20.20000,293903,20.20000
2014-07-07 00:00:00,20.05000,20.25000,19.82000,20.21000,620145,20.21000
2014-07-08 00:00:00,20.13000,20.25000,19.98000,20.14000,787651,20.14000
2014-07-10 00:00:00,20.37000,20.98000,20.23000,20.98000,1707402,20.98000
2014-07-11 00:00:00,20.84000,21.09000,20.72000,21.01000,851573,21.01000
2014-07-14 00:00:00,21.31000,22.00000,21.22000,21.87000,1728170,21.87000
2014-07-15 00:00:00,21.81000,21.94000,21.68000,21.79000,2182844,21.79000
2014-07-16 00:00:00,21.95000,22.01000,21.07000,21.36000,1315051,21.36000
2014-07-17 00:00:00,21.36000,22.00000,21.17000,21.52000,1542212,21.52000
2014-07-18 00:00:00,22.25000,22.68000,22.23000,22.41000,2153735,22.41000
2014-07-21 00:00:00,22.44000,22.62000,22.29000,22.41000,1240422,22.41000
2014-07-22 00:00:00,22.45000,22.59000,22.16000,22.40000,1161281,22.40000
2014-07-23 00:00:00,22.16000,22.35000,21.73000,22.33000,741566,22.33000
2014-07-24 00:00:00,22.53000,22.53000,22.12000,22.32000,899118,22.32000
2014-07-25 00:00:00,22.28000,22.41000,22.09000,22.27000,383114,22.27000
2014-07-28 00:00:00,22.41000,22.44000,21.93000,22.25000,862987,22.25000
2014-07-29 00:00:00,22.25000,22.62000,21.88000,22.01000,1078922,22.01000
2014-07-30 00:00:00,21.98000,22.24000,21.64000,21.66000,1420221,21.66000
2014-07-31 00:00:00,21.49000,21.76000,21.36000,21.72000,1810685,21.72000
2014-08-01 00:00:00,21.57000,22.01000,21.39000,21.78000,1598108,21.78000
2014-08-04 00:00:00,21.79000,22.14000,21.56000,22.14000,1318255,22.14000
2014-08-05 00:00:00,21.99000,22.43000,21.86000,21.87000,1892899,21.87000
2014-08-06 00:00:00,21.93000,22.35000,21.63000,21.92000,1215992,21.92000
2014-08-07 00:00:00,22.19000,22.19000,21.54000,21.65000,554587,21.65000
2014-08-08 00:00:00,21.45000,21.66000,21.26000,21.49000,1489998,21.49000
2014-08-11 00:00:00,21.68000,22.24000,21.53000,22.24000,2707310,22.24000
2014-08-12 00:00:00,22.30000,22.30000,21.85000,22.23000,852444,22.23000
2014-08-13 00:00:00,22.33000,22.56000,21.55000,22.15000,2558093,22.15000
2014-08-14 00:00:00,21.90000,22.58000,21.90000,22.58000,1369451,22.58000
2014-08-15 00:00:00,22.66000,22.94000,22.47000,22.70000,1985054,22.70000
2014-08-18 00:00:00,23.00000,23.00000,22.66000,22.73000,1230911,22.73000
2014-08-19 00:00:00,22.73000,23.62000,22.58000,23.62000,2256287,23.62000
2014-08-20 00:00:00,23.50000,23.62000,23.22000,23.49000,4670569,23.49000
2014-08-21 00:00:00,23.49000,23.87000,23.41000,23.71000,1902985,23.71000
2014-08-22 00:00:00,23.54000,23.73000,23.33000,23.46000,1005319,23.46000
2014-08-25 00:00:00,23.71000,24.08000,23.54000,23.95000,1521900,23.95000
2014-08-26 00:00:00,24.10000,24.11000,23.73000,23.73000,2414872,23.73000
2014-08-27 00:00:00,23.91000,24.57000,23.91000,24.48000,2935965,24.48000
2014-08-28 00:00:00,24.26000,24.59000,24.26000,24.58000,1982720,24.58000
2014-08-29 00:00:00,24.69000,25.09000,24.43000,24.58000,3639493,24.58000
2014-09-01 00:00:00,24.96000,25.17000,24.57000,24.57000,1384366,24.57000
2014-09-02 00:00:00,24.58000,25.34000,24.29000,25.16000,1801751,25.16000
2014-09-03 00:00:00,25.37000,25.38000,24.28000,24.88000,1763566,24.88000
2014-09-04 00:00:00,24.56000,24.86000,24.14000,24.29000,1619914,24.29000
2014-09-05 00:00:00,24.26000,24.59000,24.06000,24.49000,764239,24.49000
2014-09-08 00:00:00,24.84000,24.92000,23.69000,23.69000,1996614,23.69000
2014-09-09 00:00:00,23.46000,24.03000,23.39000,23.70000,2058065,23.70000
2014-09-10 00:00:00,23.46000,23.53000,23.03000,23.41000,1653558,23.41000
2014-09-11 00:00:00,23.47000,23.66000,23.28000,23.42000,906442,23.42000
2014-09-12 00:00:00,23.01000,23.18000,22.60000,22.69000,4227005,22.69000
2014-09-15 00:00:00,22.74000,23.47000,22.52000,23.47000,821428,23.47000
2014-09-16 00:00:00,23.47000,24.55000,23.47000,23.87000,2735548,23.87000
2014-09-17 00:00:00,24.18000,24.37000,23.68000,23.83000,1594447,23.83000
2014-09-18 00:00:00,23.55000,23.69000,23.14000,23.33000,1824722,23.33000
2014-09-19 00:00:00,23.12000,23.43000,22.90000,23.14000,1906939,23.14000
2014-09-22 00:00:00,22.56000,23.15000,22.53000,23.04000,1496875,23.04000
2014-09-23 00:00:00,22.88000,23.39000,22.62000,22.85000,1137582,22.85000
2014-09-24 00:00:00,22.57000,23.25000,22.43000,23.09000,1338144,23.09000
2014-09-25 00:00:00,22.83000,22.90000,22.52000,22.52000,1391400,22.52000
2014-09-26 00:00:00,22.54000,23.52000,22.51000,23.42000,745513,23.42000
2014-09-29 00:00:00,21.53000,22.49000,21.51000,21.78000,2741256,21.78000
2014-09-30 00:00:00,21.47000,21.90000,20.89000,21.51000,2407126,21.51000
2014-10-01 00:00:00,21.12000,21.28000,20.64000,20.81000,2568052,20.81000
2014-10-02 00:00:00,20.76000,21.56000,20.67000,21.21000,1641115,21.21000
2014-10-03 00:00:00,21.28000,21.77000,21.16000,21.58000,1086829,21.58000
2014-10-06 00:00:00,23.98000,24.46000,22.93000,23.25000,3464529,23.25000
2014-10-07 00:00:00,23.76000,23.94000,22.96000,23.13000,2020171,23.13000
2014-10-08 00:00:00,23.52000,23.52000,22.22000,22.57000,2981331,22.57000
2014-10-09 00:00:00,23.05000,23.32000,22.52000,22.94000,2200263,22.94000
2014-10-10 00:00:00,22.64000,22.79000,22.03000,22.03000,1034590,22.03000
2014-10-13 00:00:00,22.80000,23.79000,22.69000,23.48000,3036184,23.48000
2014-10-14 00:00:00,23.45000,23.61000,23.00000,23.48000,2800648,23.48000
2014-10-15 00:00:00,22.85000,22.91000,21.77000,22.38000,3230756,22.38000
2014-10-16 00:00:00,21.61000,22.27000,21.34000,21.60000,2115267,21.60000
2014-10-17 00:00:00,21.91000,22.52000,21.74000,22.52000,1888065,22.52000
2014-10-20 00:00:00,22.26000,22.36000,21.80000,21.97000,2118192,21.97000
2014-10-21 00:00:00,20.45000,21.18000,20.35000,20.86000,4276308,20.86000
2014-10-22 00:00:00,20.72000,21.39000,20.50000,20.86000,1473183,20.86000
2014-10-23 00:00:00,20.59000,20.67000,19.99000,19.99000,4222333,19.99000
2014-10-24 00:00:00,20.05000,21.13000,19.86000,20.22000,2229218,20.22000
2014-10-27 00:00:00,18.26000,19.78000,18.19000,19.32000,5576859,19.32000
2014-10-28 00:00:00,19.74000,20.72000,19.74000,20.45000,2732626,20.45000
2014-10-29 00:00:00,20.38000,20.73000,19.76000,19.85000,1997650,19.85000
2014-10-30 00:00:00,20.59000,21.48000,20.33000,21.39000,2522244,21.39000
2014-10-31 00:00:00,21.56000,22.43000,21.23000,22.43000,1772505,22.43000
2014-11-03 00:00:00,21.95000,22.14000,21.29000,21.88000,1345323,21.88000
2014-11-04 00:00:00,21.78000,22.33000,21.54000,22.32000,1208091,22.32000
2014-11-05 00:00:00,21.93000,22.41000,21.70000,21.78000,939199,21.78000
2014-11-06 00:00:00,21.53000,21.64000,21.13000,21.39000,1196968,21.39000
2014-11-07 00:00:00,21.16000,21.83000,21.02000,21.53000,914191,21.53000
2014-11-10 00:00:00,21.82000,22.12000,21.51000,21.51000,612523,21.51000
2014-11-11 00:00:00,21.26000,21.78000,21.26000,21.76000,616480,21.76000
2014-11-12 00:00:00,21.75000,22.43000,21.50000,21.53000,925593,21.53000
2014-11-13 00:00:00,21.59000,21.85000,20.96000,20.96000,1217305,20.96000
2014-11-14 00:00:00,20.97000,21.29000,20.39000,21.26000,1800881,21.26000
2014-11-17 00:00:00,21.14000,21.47000,20.64000,20.73000,975185,20.73000
2014-11-18 00:00:00,20.81000,21.71000,20.65000,21.71000,1220095,21.71000
2014-11-19 00:00:00,21.82000,22.53000,21.56000,22.53000,2353434,22.53000
2014-11-21 00:00:00,22.59000,24.41000,22.54000,24.01000,4861776,24.01000
2014-11-24 00:00:00,24.49000,24.53000,23.42000,23.67000,2218544,23.67000
2014-11-25 00:00:00,23.93000,24.34000,23.33000,24.34000,3976561,24.34000
2014-11-26 00:00:00,24.32000,24.34000,23.61000,23.70000,1797373,23.70000
2014-11-27 00:00:00,23.74000,24.14000,23.14000,23.33000,676453,23.33000
2014-11-28 00:00:00,23.44000,23.87000,23.41000,23.48000,1342681,23.48000
2014-12-01 00:00:00,23.19000,23.31000,22.15000,22.49000,2612074,22.49000
2014-12-02 00:00:00,22.66000,22.81000,21.71000,22.10000,1244075,22.10000
2014-12-03 00:00:00,22.38000,22.51000,22.14000,22.44000,568064,22.44000
2014-12-04 00:00:00,22.52000,22.62000,21.85000,21.92000,1438216,21.92000
2014-12-05 00:00:00,21.92000,22.27000,21.67000,22.10000,1734600,22.10000
2014-12-08 00:00:00,22.09000,22.11000,21.07000,21.39000,1479315,21.39000
2014-12-09 00:00:00,21.12000,21.72000,20.92000,21.42000,1874021,21.42000
2014-12-10 00:00:00,21.27000,21.55000,20.95000,21.18000,1240127,21.18000
2014-12-11 00:00:00,21.32000,21.74000,21.01000,21.59000,1973210,21.59000
2014-12-12 00:00:00,21.25000,21.78000,20.41000,20.41000,1924056,20.41000
2014-12-15 00:00:00,20.68000,21.03000,19.78000,20.02000,2362496,20.02000
2014-12-16 00:00:00,19.34000,20.26000,19.34000,20.01000,2095807,20.01000
2014-12-17 00:00:00,20.31000,21.63000,20.14000,21.14000,3500073,21.14000
2014-12-18 00:00:00,21.21000,21.83000,20.78000,20.94000,1606009,20.94000
2014-12-19 00:00:00,21.18000,21.55000,21.03000,21.33000,1208235,21.33000
2014-12-22 00:00:00,21.33000,21.82000,20.86000,21.69000,1571331,21.69000
2014-12-23 00:00:00,21.45000,21.90000,21.18000,21.90000,738635,21.90000
2014-12-26 00:00:00,21.76000,22.09000,21.29000,21.57000,369821,21.57000
2014-12-29 00:00:00,21.53000,21.96000,21.32000,21.74000,514947,21.74000
2014-12-30 00:00:00,21.86000,21.93000,21.44000,21.44000,1570308,21.44000
2015-01-02 00:00:00,21.02000,22.05000,21.02000,21.35000,2566726,21.35000
2015-01-05 00:00:00,20.92000,21.56000,20.76000,21.09000,2256289,21.09000
2015-01-06 00:00:00,21.13000,21.66000,20.93000,21.66000,1427241,21.66000
2015-01-07 00:00:00,21.80000,22.81000,21.49000,22.61000,1460600,22.61000
2015-01-08 00:00:00,22.51000,22.93000,22.19000,22.66000,686402,22.66000
2015-01-09 00:00:00,22.63000,22.72000,21.63000,21.87000,1034886,21.87000
2015-01-12 00:00:00,21.62000,21.94000,21.31000,21.50000,4363353,21.50000
2015-01-13 00:00:00,21.44000,22.05000,21.28000,21.28000,1106261,21.28000
2015-01-14 00:00:00,21.19000,22.04000,21.06000,21.53000,990410,21.53000
2015-01-15 00:00:00,21.53000,22.21000,21.38000,21.38000,1342102,21.38000
2015-01-16 00:00:00,21.36000,21.74000,21.28000,21.43000,1110074,21.43000
2015-01-19 00:00:00,21.16000,21.56000,20.65000,20.87000,848501,20.87000
2015-01-20 00:00:00,21.28000,21.32000,20.70000,20.70000,755605,20.70000
2015-01-21 00:00:00,20.94000,21.78000,20.70000,21.66000,1336098,21.66000
2015-01-22 00:00:00,22.03000,22.38000,21.44000,21.61000,1281678,21.61000
2015-01-23 00:00:00,21.31000,21.76000,21.18000,21.40000,788087,21.40000
2015-01-26 00:00:00,21.01000,21.72000,21.01000,21.64000,1271297,21.64000
2015-01-27 00:00:00,21.26000,21.88000,21.04000,21.88000,1884560,21.88000
2015-01-28 00:00:00,21.54000,21.93000,21.23000,21.23000,1034742,21.23000
2015-01-29 00:00:00,21.41000,21.73000,20.87000,21.23000,1938238,21.23000
2015-01-30 00:00:00,20.67000,21.03000,20.55000,20.94000,2435804,20.94000
2015-02-02 00:00:00,21.25000,21.51000,20.64000,21.47000,1080670,21.47000
2015-02-03 00:00:00,22.14000,22.14000,21.70000,21.83000,1320745,21.83000
2015-02-04 00:00:00,22.01000,22.43000,21.63000,22.08000,1333754,22.08000
2015-02-05 00:00:00,21.83000,22.18000,21.78000,21.98000,1090620,21.98000
2015-02-06 00:00:00,21.71000,22.09000,21.45000,22.01000,979427,22.01000
2015-02-09 00:00:00,22.01000,22.06000,21.78000,21.99000,2342168,21.99000
2015-02-10 00:00:00,21.83000,22.22000,21.66000,21.66000,1286069,21.66000
2015-02-11 00:00:00,21.51000,21.76000,21.22000,21.40000,1248171,21.40000
2015-02-12 00:00:00,21.66000,22.33000,21.66000,22.33000,1248178,22.33000
2015-02-13 00:00:00,22.06000,22.82000,21.96000,22.65000,1071741,22.65000
2015-02-18 00:00:00,23.17000,23.31000,22.61000,22.90000,2011835,22.90000
2015-02-19 00:00:00,22.87000,23.27000,22.65000,22.87000,418979,22.87000
2015-02-20 00:00:00,22.99000,22.99000,22.55000,22.76000,591315,22.76000
2015-02-23 00:00:00,22.46000,23.16000,22.43000,22.99000,621316,22.99000
2015-02-24 00:00:00,23.18000,23.36000,22.79000,23.36000,911407,23.36000
2015-02-25 00:00:00,23.04000,23.73000,22.93000,23.73000,842512,23.73000
2015-02-26 00:00:00,23.85000,23.85000,23.21000,23.43000,1001824,23.43000
2015-02-27 00:00:00,23.55000,24.29000,23.39000,23.45000,1982141,23.45000
2015-03-02 00:00:00,23.45000,23.65000,22.74000,22.95000,1539291,22.95000
2015-03-03 00:00:00,23.05000,23.07000,22.72000,23.00000,740829,23.00000
2015-03-04 00:00:00,22.63000,23.07000,22.63000,22.80000,1364473,22.80000
2015-03-05 00:00:00,22.91000,23.03000,22.47000,22.62000,745358,22.62000
2015-03-06 00:00:00,22.60000,22.76000,22.09000,22.33000,1338872,22.33000
2015-03-09 00:00:00,22.06000,22.14000,21.87000,22.05000,2242819,22.05000
2015-03-10 00:00:00,21.52000,22.12000,21.52000,21.59000,2449255,21.59000
2015-03-11 00:00:00,21.82000,22.14000,21.62000,22.03000,1518224,22.03000
2015-03-12 00:00:00,22.52000,22.55000,21.37000,21.52000,1271002,21.52000
2015-03-13 00:00:00,20.91000,21.48000,20.91000,21.28000,1260612,21.28000
2015-03-16 00:00:00,21.30000,21.64000,21.30000,21.43000,960412,21.43000
2015-03-17 00:00:00,21.55000,22.56000,21.45000,22.37000,2466083,22.37000
2015-03-18 00:00:00,22.43000,23.58000,22.14000,23.50000,1685014,23.50000
2015-03-19 00:00:00,23.46000,23.46000,22.73000,23.07000,558545,23.07000
2015-03-20 00:00:00,23.47000,23.75000,23.24000,23.35000,2583698,23.35000
2015-03-23 00:00:00,23.25000,23.74000,23.25000,23.29000,645147,23.29000
2015-03-24 00:00:00,23.32000,23.73000,22.94000,23.24000,745655,23.24000
2015-03-25 00:00:00,23.43000,23.49000,23.05000,23.25000,1484724,23.25000
2015-03-26 00:00:00,23.06000,23.21000,22.43000,22.67000,1529350,22.67000
2015-03-27 00:00:00,22.55000,22.78000,21.72000,21.83000,3066937,21.83000
2015-03-30 00:00:00,21.97000,22.35000,21.72000,22.23000,1535672,22.23000
2015-03-31 00:00:00,21.99000,22.94000,21.99000,22.73000,1792465,22.73000
2015-04-01 00:00:00,23.04000,23.82000,22.95000,23.50000,1602210,23.50000
2015-04-02 00:00:00,23.56000,24.15000,23.56000,24.00000,1289661,24.00000
2015-04-06 00:00:00,24.45000,24.45000,23.76000,24.02000,1256039,24.02000
2015-04-07 00:00:00,23.97000,24.21000,23.70000,23.86000,706471,23.86000
2015-04-08 00:00:00,24.25000,24.43000,24.04000,24.05000,1484779,24.05000
2015-04-09 00:00:00,23.86000,24.05000,23.29000,23.55000,1171627,23.55000
2015-04-10 00:00:00,23.31000,23.86000,23.28000,23.74000,875896,23.74000
2015-04-13 00:00:00,23.68000,24.05000,23.45000,23.70000,1096609,23.70000
2015-04-14 00:00:00,23.96000,23.96000,23.25000,23.46000,1732421,23.46000
2015-04-15 00:00:00,23.62000,23.64000,23.25000,23.55000,1983084,23.55000
2015-04-16 00:00:00,23.53000,23.53000,23.22000,23.52000,946409,23.52000
2015-04-17 00:00:00,23.21000,23.38000,22.82000,22.85000,981861,22.85000
2015-04-20 00:00:00,22.89000,23.09000,22.40000,22.75000,693923,22.75000
2015-04-22 00:00:00,22.86000,23.40000,22.71000,23.28000,1081015,23.28000
2015-04-23 00:00:00,23.17000,23.51000,22.91000,23.37000,2796873,23.37000
2015-04-24 00:00:00,23.48000,23.73000,23.25000,23.28000,2323895,23.28000
2015-04-27 00:00:00,23.28000,23.58000,23.04000,23.05000,1705373,23.05000
2015-04-28 00:00:00,23.46000,23.46000,22.63000,22.82000,3706867,22.82000
2015-04-29 00:00:00,22.97000,22.97000,22.35000,22.70000,2306240,22.70000
2015-04-30 00:00:00,22.49000,22.96000,22.36000,22.67000,1783327,22.67000
2015-05-04 00:00:00,22.76000,23.24000,22.52000,22.52000,2420248,22.52000
2015-05-05 00:00:00,22.53000,22.98000,22.29000,22.85000,1094159,22.85000
2015-05-06 00:00:00,22.59000,22.99000,22.19000,22.51000,1552881,22.51000
2015-05-07 00:00:00,22.32000,22.60000,22.19000,22.60000,1002328,22.60000
2015-05-08 00:00:00,22.88000,22.88000,22.24000,22.37000,769800,22.37000
2015-05-11 00:00:00,22.57000,22.62000,22.20000,22.32000,1335458,22.32000
2015-05-12 00:00:00,22.19000,22.42000,21.95000,22.11000,723727,22.11000
2015-05-13 00:00:00,21.98000,22.17000,21.67000,21.80000,861519,21.80000
2015-05-14 00:00:00,21.91000,22.36000,21.75000,22.36000,1118151,22.36000
2015-05-15 00:00:00,22.39000,22.54000,22.12000,22.52000,961015,22.52000
2015-05-18 00:00:00,22.52000,22.53000,21.87000,22.09000,1455811,22.09000
2015-05-19 00:00:00,21.94000,22.14000,21.54000,22.14000,1335329,22.14000
2015-05-20 00:00:00,22.03000,22.07000,21.70000,21.75000,1878726,21.75000
2015-05-21 00:00:00,21.64000,21.64000,21.17000,21.30000,1646428,21.30000
2015-05-22 00:00:00,21.15000,21.23000,20.50000,20.60000,1754338,20.60000
2015-05-25 00:00:00,20.72000,20.96000,20.54000,20.80000,545318,20.80000
2015-05-26 00:00:00,20.75000,20.75000,20.07000,20.30000,1721943,20.30000
2015-05-27 00:00:00,20.25000,20.80000,20.02000,20.70000,1876752,20.70000
2015-05-28 00:00:00,20.53000,20.61000,20.08000,20.53000,1046539,20.53000
2015-05-29 00:00:00,20.39000,20.53000,19.79000,19.79000,3420012,19.79000
2015-06-01 00:00:00,19.79000,20.12000,19.54000,20.09000,2396248,20.09000
2015-06-02 00:00:00,20.22000,20.47000,20.10000,20.47000,1568228,20.47000
2015-06-03 00:00:00,20.39000,20.39000,19.82000,19.82000,1922063,19.82000
2015-06-05 00:00:00,19.54000,19.85000,19.45000,19.57000,3132067,19.57000
2015-06-08 00:00:00,19.57000,19.86000,19.57000,19.63000,1199525,19.63000
2015-06-09 00:00:00,19.63000,19.72000,19.47000,19.72000,2712321,19.72000
2015-06-10 00:00:00,20.02000,20.38000,19.99000,20.20000,1514136,20.20000
2015-06-11 00:00:00,20.34000,20.51000,20.06000,20.15000,1679927,20.15000
2015-06-12 00:00:00,19.93000,20.15000,19.86000,20.06000,1686369,20.06000
2015-06-15 00:00:00,19.92000,20.20000,19.59000,20.18000,1547025,20.18000
2015-06-16 00:00:00,20.33000,20.61000,20.21000,20.50000,1497590,20.50000
2015-06-17 00:00:00,20.46000,20.73000,20.22000,20.52000,2662015,20.52000
2015-06-18 00:00:00,20.65000,21.09000,20.31000,20.98000,1443753,20.98000
2015-06-19 00:00:00,20.75000,20.91000,20.49000,20.61000,1408898,20.61000
2015-06-22 00:00:00,20.79000,21.19000,20.73000,20.91000,1745581,20.91000
2015-06-23 00:00:00,21.09000,21.34000,20.87000,20.87000,1235712,20.87000
2015-06-24 00:00:00,20.83000,21.15000,20.74000,21.15000,1854104,21.15000
2015-06-25 00:00:00,21.15000,21.27000,20.65000,21.06000,2457644,21.06000
2015-06-26 00:00:00,21.06000,21.75000,21.06000,21.44000,1621318,21.44000
2015-06-29 00:00:00,21.21000,21.36000,20.90000,21.09000,962123,21.09000
2015-06-30 00:00:00,21.09000,21.32000,20.94000,21.27000,1813789,21.27000
2015-07-01 00:00:00,21.15000,21.46000,21.03000,21.13000,1165423,21.13000
2015-07-02 00:00:00,21.41000,21.50000,21.06000,21.15000,1318642,21.15000
2015-07-03 00:00:00,21.04000,21.27000,20.93000,21.21000,830944,21.21000
2015-07-06 00:00:00,20.96000,21.21000,20.39000,20.80000,2149596,20.80000
2015-07-07 00:00:00,20.65000,20.97000,20.34000,20.83000,3160813,20.83000
2015-07-08 00:00:00,20.67000,20.91000,20.51000,20.53000,2482489,20.53000
2015-07-10 00:00:00,20.89000,21.16000,20.71000,21.04000,1157845,21.04000
2015-07-13 00:00:00,21.18000,21.48000,21.04000,21.28000,2044972,21.28000
2015-07-14 00:00:00,21.18000,21.75000,21.18000,21.54000,1114503,21.54000
2015-07-15 00:00:00,21.53000,21.69000,21.27000,21.66000,1895520,21.66000
2015-07-16 00:00:00,21.81000,22.01000,21.30000,21.40000,792097,21.40000
2015-07-17 00:00:00,21.44000,21.66000,21.09000,21.22000,794033,21.22000
2015-07-20 00:00:00,21.13000,21.28000,20.97000,21.07000,788559,21.07000
2015-07-21 00:00:00,21.07000,21.18000,20.73000,20.99000,980883,20.99000
2015-07-22 00:00:00,20.83000,21.14000,20.54000,20.93000,1428015,20.93000
2015-07-23 00:00:00,20.79000,20.87000,19.70000,19.70000,2464708,19.70000
2015-07-24 00:00:00,19.85000,20.25000,19.42000,20.02000,1474306,20.02000
2015-07-27 00:00:00,19.98000,20.37000,19.90000,20.09000,1004510,20.09000
2015-07-28 00:00:00,20.37000,20.67000,19.94000,20.45000,1613902,20.45000
2015-07-29 00:00:00,20.27000,20.99000,20.27000,20.99000,1854590,20.99000
2015-07-30 00:00:00,21.13000,21.16000,20.43000,20.71000,1456897,20.71000
2015-07-31 00:00:00,20.58000,21.09000,20.58000,21.04000,1712808,21.04000
2015-08-03 00:00:00,20.42000,20.84000,20.24000,20.84000,2079694,20.84000
2015-08-04 00:00:00,20.88000,20.91000,20.41000,20.65000,2984204,20.65000
2015-08-05 00:00:00,20.80000,20.88000,20.44000,20.75000,1699639,20.75000
2015-08-06 00:00:00,20.61000,20.97000,20.43000,20.68000,2743266,20.68000
2015-08-07 00:00:00,20.42000,20.57000,19.98000,20.15000,3046561,20.15000
2015-08-10 00:00:00,20.17000,20.45000,20.10000,20.30000,1065059,20.30000
2015-08-11 00:00:00,20.30000,20.43000,19.92000,20.31000,1998561,20.31000
2015-08-12 00:00:00,20.14000,20.14000,19.50000,19.77000,2545582,19.77000
2015-08-13 00:00:00,19.81000,19.81000,19.34000,19.50000,2290533,19.50000
2015-08-14 00:00:00,19.41000,19.70000,19.28000,19.35000,5037601,19.35000
2015-08-17 00:00:00,19.20000,19.53000,19.00000,19.00000,1445455,19.00000
2015-08-18 00:00:00,18.93000,19.90000,18.69000,19.44000,3137790,19.44000
2015-08-19 00:00:00,19.14000,19.26000,18.73000,19.05000,2569078,19.05000
2015-08-20 00:00:00,18.79000,19.42000,18.67000,19.20000,3114157,19.20000
2015-08-21 00:00:00,19.07000,19.28000,18.73000,18.74000,1946548,18.74000
2015-08-24 00:00:00,17.90000,18.96000,17.55000,18.66000,3699804,18.66000
2015-08-25 00:00:00,19.24000,19.53000,18.74000,18.80000,2413310,18.80000
2015-08-26 00:00:00,18.93000,19.95000,18.67000,19.81000,2207570,19.81000
2015-08-27 00:00:00,20.11000,20.94000,19.87000,20.57000,3822210,20.57000
2015-08-28 00:00:00,20.49000,20.57000,19.96000,20.12000,4409309,20.12000
2015-08-31 00:00:00,19.60000,19.60000,19.05000,19.18000,4573739,19.18000
2015-09-01 00:00:00,18.45000,18.84000,18.45000,18.59000,2517816,18.59000
2015-09-02 00:00:00,18.68000,19.11000,18.56000,18.96000,2022679,18.96000
2015-09-03 00:00:00,19.15000,19.48000,18.76000,19.40000,3606376,19.40000
2015-09-04 00:00:00,19.02000,19.22000,18.56000,18.60000,3555825,18.60000
2015-09-08 00:00:00,18.89000,19.11000,18.66000,18.92000,1583563,18.92000
2015-09-09 00:00:00,19.08000,19.56000,19.01000,19.01000,2176019,19.01000
2015-09-10 00:00:00,18.28000,19.00000,18.16000,18.68000,2396005,18.68000
2015-09-11 00:00:00,18.68000,18.88000,18.36000,18.72000,4543417,18.72000
2015-09-14 00:00:00,18.82000,19.72000,18.63000,19.69000,1858610,19.69000
2015-09-15 00:00:00,19.65000,20.04000,19.46000,20.04000,1720110,20.04000
2015-09-16 00:00:00,20.04000,20.62000,20.04000,20.60000,2653738,20.60000
2015-09-17 00:00:00,20.32000,21.03000,20.07000,20.48000,1690984,20.48000
2015-09-18 00:00:00,20.26000,20.27000,19.28000,19.54000,2933168,19.54000
2015-09-21 00:00:00,19.54000,19.55000,18.87000,19.18000,2730845,19.18000
2015-09-22 00:00:00,18.72000,19.39000,18.36000,19.14000,1779198,19.14000
2015-09-23 00:00:00,19.10000,19.21000,18.42000,18.53000,2667984,18.53000
2015-09-24 00:00:00,17.71000,18.96000,17.41000,18.66000,2036560,18.66000
2015-09-25 00:00:00,18.89000,19.14000,18.14000,18.26000,2058370,18.26000
2015-09-28 00:00:00,18.00000,18.17000,17.62000,17.72000,1271873,17.72000
2015-09-29 00:00:00,17.72000,18.12000,17.69000,17.84000,2525847,17.84000
2015-09-30 00:00:00,18.31000,18.54000,17.76000,18.01000,3092852,18.01000
2015-10-01 00:00:00,18.14000,18.54000,17.96000,18.31000,1976269,18.31000
2015-10-02 00:00:00,18.18000,19.27000,18.14000,19.08000,2024262,19.08000
2015-10-05 00:00:00,19.43000,20.13000,19.37000,19.53000,1751289,19.53000
2015-10-06 00:00:00,19.58000,19.91000,19.33000,19.91000,2146429,19.91000
2015-10-07 00:00:00,20.07000,20.88000,19.98000,20.45000,1979917,20.45000
2015-10-08 00:00:00,20.40000,20.75000,20.20000,20.49000,2664835,20.49000
2015-10-09 00:00:00,20.98000,20.98000,19.95000,20.33000,2380766,20.33000
2015-10-13 00:00:00,20.12000,20.12000,18.98000,19.20000,1934733,19.20000
2015-10-14 00:00:00,18.92000,19.56000,18.92000,19.23000,5645860,19.23000
2015-10-15 00:00:00,19.23000,19.44000,18.77000,19.10000,1724009,19.10000
2015-10-16 00:00:00,19.11000,19.24000,18.73000,18.88000,2622565,18.88000
2015-10-19 00:00:00,18.83000,19.21000,18.82000,18.82000,2422056,18.82000
2015-10-20 00:00:00,18.82000,19.05000,18.24000,18.52000,2028638,18.52000
2015-10-21 00:00:00,18.49000,18.66000,18.18000,18.38000,1877241,18.38000
2015-10-22 00:00:00,18.51000,18.84000,18.40000,18.60000,1791369,18.60000
2015-10-23 00:00:00,19.11000,19.19000,18.31000,18.32000,1988322,18.32000
2015-10-26 00:00:00,18.37000,18.57000,18.11000,18.38000,1863111,18.38000
2015-10-27 00:00:00,18.37000,18.51000,18.17000,18.37000,1975041,18.37000
2015-10-28 00:00:00,18.28000,19.13000,18.24000,18.66000,2769571,18.66000
2015-10-29 00:00:00,18.22000,18.60000,17.85000,17.93000,1985533,17.93000
2015-10-30 00:00:00,18.02000,18.18000,17.85000,17.89000,1691118,17.89000
2015-11-03 00:00:00,18.16000,19.07000,17.95000,18.92000,2661175,18.92000
2015-11-04 00:00:00,19.32000,19.67000,18.63000,18.83000,2940353,18.83000
2015-11-05 00:00:00,18.82000,19.21000,18.63000,19.04000,1415232,19.04000
2015-11-06 00:00:00,18.93000,19.13000,18.55000,18.71000,1401106,18.71000
2015-11-09 00:00:00,18.62000,18.75000,18.17000,18.17000,1184909,18.17000
2015-11-10 00:00:00,18.05000,18.24000,17.63000,18.01000,1412799,18.01000
2015-11-11 00:00:00,18.24000,18.70000,18.12000,18.26000,1445572,18.26000
2015-11-12 00:00:00,18.32000,18.64000,17.89000,18.44000,2127315,18.44000
2015-11-13 00:00:00,18.20000,18.48000,18.06000,18.18000,1757032,18.18000
2015-11-16 00:00:00,18.28000,18.29000,17.95000,18.11000,1577713,18.11000
2015-11-17 00:00:00,18.33000,19.27000,18.33000,18.94000,2568363,18.94000
2015-11-18 00:00:00,18.99000,19.51000,18.87000,19.34000,2990415,19.34000
2015-11-19 00:00:00,19.59000,20.00000,19.54000,19.81000,2060437,19.81000
2015-11-23 00:00:00,19.95000,20.32000,19.55000,19.70000,1412070,19.70000
2015-11-24 00:00:00,19.56000,19.85000,19.25000,19.78000,1694787,19.78000
2015-11-25 00:00:00,19.41000,19.47000,18.90000,18.94000,3977621,18.94000
2015-11-26 00:00:00,19.07000,19.44000,18.97000,19.40000,1494053,19.40000
2015-11-27 00:00:00,19.25000,19.30000,18.67000,18.67000,3403080,18.67000
2015-11-30 00:00:00,18.37000,18.73000,18.19000,18.34000,6359155,18.34000
2015-12-01 00:00:00,18.26000,18.54000,18.20000,18.42000,4562177,18.42000
2015-12-02 00:00:00,18.37000,18.66000,18.13000,18.49000,2424278,18.49000
2015-12-03 00:00:00,19.17000,19.84000,19.17000,19.17000,2763136,19.17000
2015-12-04 00:00:00,19.18000,19.18000,18.41000,18.61000,4027453,18.61000
2015-12-07 00:00:00,18.74000,19.06000,18.45000,18.57000,2424998,18.57000
2015-12-08 00:00:00,18.57000,18.66000,18.06000,18.27000,2959716,18.27000
2015-12-09 00:00:00,18.49000,19.08000,18.49000,18.83000,2991268,18.83000
2015-12-10 00:00:00,18.93000,19.05000,18.09000,18.09000,2558010,18.09000
2015-12-11 00:00:00,17.96000,18.27000,17.79000,17.79000,2843029,17.79000
2015-12-14 00:00:00,17.66000,17.79000,17.37000,17.43000,1950212,17.43000
2015-12-15 00:00:00,17.48000,17.91000,17.46000,17.50000,2465918,17.50000
2015-12-16 00:00:00,17.33000,17.87000,17.05000,17.59000,6145507,17.59000
2015-12-17 00:00:00,18.18000,18.29000,17.78000,17.99000,4690197,17.99000
2015-12-18 00:00:00,17.52000,17.62000,16.82000,16.99000,5085996,16.99000
2015-12-21 00:00:00,17.11000,17.28000,16.53000,16.59000,1937558,16.59000
2015-12-22 00:00:00,16.71000,17.08000,16.62000,16.63000,2878724,16.63000
2015-12-23 00:00:00,16.84000,17.09000,16.66000,16.82000,1401422,16.82000
2015-12-28 00:00:00,16.85000,17.05000,16.73000,16.95000,814769,16.95000
2015-12-29 00:00:00,16.96000,17.05000,16.79000,16.93000,969509,16.93000
2015-12-30 00:00:00,17.01000,17.01000,16.22000,16.22000,3430244,16.22000
2016-01-04 00:00:00,15.98000,16.20000,15.80000,15.98000,2391781,15.98000
2016-01-05 00:00:00,15.99000,16.11000,15.82000,16.11000,1695457,16.11000
2016-01-06 00:00:00,15.89000,16.14000,15.66000,15.82000,1388517,15.82000
2016-01-07 00:00:00,15.45000,15.61000,15.31000,15.31000,1733958,15.31000
2016-01-08 00:00:00,15.46000,15.57000,15.03000,15.28000,1841797,15.28000
2016-01-11 00:00:00,15.38000,15.61000,14.89000,14.99000,2292420,14.99000
2016-01-12 00:00:00,15.04000,15.25000,14.94000,15.09000,1923739,15.09000
2016-01-13 00:00:00,15.19000,15.32000,14.90000,15.04000,2331500,15.04000
2016-01-14 00:00:00,15.10000,15.20000,14.85000,15.20000,1522263,15.20000
2016-01-15 00:00:00,15.04000,15.04000,14.40000,14.55000,2217384,14.55000
2016-01-18 00:00:00,14.62000,14.72000,14.47000,14.47000,1038595,14.47000
2016-01-19 00:00:00,14.80000,14.88000,14.32000,14.44000,1325331,14.44000
2016-01-20 00:00:00,14.17000,14.65000,14.17000,14.53000,1665947,14.53000
2016-01-21 00:00:00,14.43000,14.74000,14.36000,14.61000,2783127,14.61000
2016-01-22 00:00:00,14.81000,14.94000,14.63000,14.65000,1304744,14.65000
2016-01-26 00:00:00,14.59000,14.85000,14.48000,14.65000,1503976,14.65000
2016-01-27 00:00:00,14.71000,15.16000,14.59000,14.95000,2583269,14.95000
2016-01-28 00:00:00,15.07000,15.21000,14.89000,15.20000,1575648,15.20000
2016-01-29 00:00:00,15.35000,15.65000,15.14000,15.51000,3903684,15.51000
2016-02-01 00:00:00,15.58000,15.74000,15.21000,15.70000,2094540,15.70000
2016-02-02 00:00:00,15.40000,15.61000,15.06000,15.06000,2154920,15.06000
2016-02-03 00:00:00,15.20000,16.23000,15.20000,16.01000,1777532,16.01000
2016-02-04 00:00:00,16.19000,17.49000,16.01000,17.08000,3474372,17.08000
2016-02-05 00:00:00,16.96000,17.28000,16.55000,16.55000,3212198,16.55000
2016-02-10 00:00:00,16.44000,16.80000,16.38000,16.66000,1136648,16.66000
2016-02-11 00:00:00,16.42000,16.61000,16.25000,16.38000,1770636,16.38000
2016-02-12 00:00:00,16.56000,16.69000,16.35000,16.43000,2189312,16.43000
2016-02-15 00:00:00,16.71000,16.95000,16.50000,16.50000,864532,16.50000
2016-02-16 00:00:00,16.59000,17.26000,16.58000,16.96000,2065737,16.96000
2016-02-17 00:00:00,17.09000,17.71000,16.84000,17.11000,3033569,17.11000
2016-02-18 00:00:00,16.96000,17.17000,16.78000,17.06000,1924589,17.06000
2016-02-19 00:00:00,16.80000,17.32000,16.77000,17.12000,1882954,17.12000
2016-02-22 00:00:00,17.67000,18.24000,17.54000,18.07000,2857806,18.07000
2016-02-23 00:00:00,17.80000,18.26000,17.77000,17.94000,2238455,17.94000
2016-02-24 00:00:00,17.66000,18.03000,17.42000,17.95000,1487043,17.95000
2016-02-25 00:00:00,17.82000,18.25000,17.67000,17.97000,1462585,17.97000
2016-02-26 00:00:00,18.23000,18.51000,17.69000,17.82000,1266156,17.82000
2016-02-29 00:00:00,18.10000,18.53000,18.06000,18.45000,3758809,18.45000
2016-03-01 00:00:00,18.72000,19.14000,18.64000,18.91000,2177208,18.91000
2016-03-02 00:00:00,18.92000,19.59000,18.87000,19.44000,3037176,19.44000
2016-03-03 00:00:00,19.79000,20.90000,19.75000,20.71000,3455617,20.71000
2016-03-04 00:00:00,21.44000,22.77000,21.44000,22.34000,4866071,22.34000
2016-03-07 00:00:00,22.61000,22.63000,21.59000,21.95000,2084721,21.95000
2016-03-08 00:00:00,21.84000,22.91000,21.84000,22.23000,3004871,22.23000
2016-03-09 00:00:00,22.66000,23.00000,21.94000,22.12000,3811090,22.12000
2016-03-10 00:00:00,22.58000,23.35000,22.09000,22.84000,4867643,22.84000
2016-03-11 00:00:00,22.84000,23.78000,22.81000,23.71000,2893999,23.71000
2016-03-14 00:00:00,23.72000,24.32000,23.43000,23.54000,1825472,23.54000
2016-03-15 00:00:00,22.24000,23.05000,22.04000,22.24000,1883941,22.24000
2016-03-16 00:00:00,21.90000,22.05000,21.06000,21.67000,2947016,21.67000
2016-03-17 00:00:00,23.41000,24.72000,22.90000,24.28000,5434827,24.28000
2016-03-18 00:00:00,24.61000,24.75000,23.75000,24.28000,5377348,24.28000
2016-03-21 00:00:00,24.34000,24.85000,24.19000,24.79000,1597311,24.79000
2016-03-22 00:00:00,24.67000,24.79000,24.28000,24.77000,3779518,24.77000
2016-03-23 00:00:00,24.43000,24.62000,23.66000,23.97000,1972788,23.97000
2016-03-24 00:00:00,23.43000,23.74000,23.27000,23.41000,1774740,23.41000
2016-03-28 00:00:00,24.28000,24.65000,23.89000,24.18000,1407768,24.18000
2016-03-29 00:00:00,24.36000,25.04000,23.95000,24.72000,1542483,24.72000
2016-03-30 00:00:00,25.02000,25.44000,24.63000,24.72000,1350151,24.72000
2016-03-31 00:00:00,24.58000,24.59000,23.82000,23.86000,2881908,23.86000
2016-04-01 00:00:00,23.39000,24.43000,23.39000,24.37000,1509192,24.37000
2016-04-04 00:00:00,23.89000,24.11000,23.44000,23.75000,1220999,23.75000
2016-04-05 00:00:00,23.42000,24.23000,23.17000,23.76000,1077815,23.76000
2016-04-06 00:00:00,23.36000,23.63000,22.96000,23.08000,1288403,23.08000
2016-04-07 00:00:00,23.40000,23.58000,23.04000,23.36000,1148616,23.36000
2016-04-08 00:00:00,24.21000,24.49000,24.07000,24.37000,2171157,24.37000
2016-04-11 00:00:00,24.61000,25.11000,24.50000,24.72000,1543703,24.72000
2016-04-12 00:00:00,25.17000,25.80000,24.92000,25.43000,2467816,25.43000
2016-04-13 00:00:00,26.17000,26.32000,25.61000,25.73000,1940956,25.73000
2016-04-14 00:00:00,25.94000,26.07000,25.12000,25.29000,2161010,25.29000
2016-04-15 00:00:00,25.55000,25.89000,25.05000,25.25000,2110754,25.25000
2016-04-18 00:00:00,25.03000,25.59000,24.70000,25.18000,2184483,25.18000
2016-04-19 00:00:00,25.34000,25.48000,24.73000,24.96000,3789586,24.96000
2016-04-20 00:00:00,24.81000,24.93000,24.37000,24.67000,2731836,24.67000
2016-04-22 00:00:00,24.12000,24.60000,24.00000,24.43000,1901673,24.43000
2016-04-25 00:00:00,24.43000,24.53000,23.67000,24.03000,1103628,24.03000
2016-04-26 00:00:00,24.18000,24.99000,23.89000,24.78000,1033229,24.78000
2016-04-27 00:00:00,25.15000,25.55000,25.00000,25.37000,1541204,25.37000
2016-04-28 00:00:00,24.92000,25.16000,24.43000,24.96000,1766922,24.96000
2016-04-29 00:00:00,25.11000,25.13000,24.17000,24.54000,2649334,24.54000
2016-05-02 00:00:00,24.81000,24.81000,23.90000,24.19000,1096807,24.19000
2016-05-03 00:00:00,23.74000,24.04000,23.38000,23.60000,1157306,23.60000
2016-05-04 00:00:00,23.42000,24.50000,23.42000,24.42000,1140809,24.42000
2016-05-05 00:00:00,24.70000,24.88000,23.71000,23.83000,1064138,23.83000
2016-05-06 00:00:00,23.61000,24.42000,23.61000,23.93000,697289,23.93000
2016-05-09 00:00:00,23.74000,24.31000,22.98000,24.23000,1128159,24.23000
2016-05-10 00:00:00,24.46000,24.98000,23.98000,24.98000,2160834,24.98000
2016-05-11 00:00:00,25.37000,25.59000,24.83000,24.92000,1726557,24.92000
2016-05-12 00:00:00,25.23000,25.88000,24.73000,25.51000,1666936,25.51000
2016-05-13 00:00:00,25.27000,25.44000,24.15000,24.47000,2028178,24.47000
2016-05-16 00:00:00,24.35000,24.64000,23.98000,24.15000,846449,24.15000
2016-05-17 00:00:00,24.17000,24.30000,23.34000,23.46000,1295028,23.46000
2016-05-18 00:00:00,23.34000,24.11000,23.18000,23.47000,1431865,23.47000
2016-05-19 00:00:00,23.29000,23.39000,22.94000,23.07000,876807,23.07000
2016-05-20 00:00:00,23.30000,23.39000,22.79000,22.83000,737328,22.83000
2016-05-23 00:00:00,22.14000,23.04000,22.13000,22.63000,1252676,22.63000
2016-05-24 00:00:00,22.91000,23.08000,22.53000,22.79000,935548,22.79000
2016-05-25 00:00:00,23.00000,23.28000,22.60000,22.63000,935878,22.63000
2016-05-27 00:00:00,22.56000,22.95000,22.18000,22.33000,916079,22.33000
2016-05-30 00:00:00,22.34000,22.61000,22.14000,22.25000,419429,22.25000
2016-05-31 00:00:00,22.11000,22.41000,20.95000,21.43000,4032025,21.43000
2016-06-01 00:00:00,21.52000,21.97000,21.34000,21.66000,2118040,21.66000
2016-06-02 00:00:00,21.66000,22.45000,21.54000,22.05000,1706423,22.05000
2016-06-03 00:00:00,22.36000,22.75000,22.07000,22.45000,1293047,22.45000
2016-06-06 00:00:00,22.68000,22.68000,21.93000,22.26000,865919,22.26000
2016-06-07 00:00:00,22.09000,22.48000,21.96000,22.32000,999569,22.32000
2016-06-08 00:00:00,22.48000,23.05000,22.42000,22.81000,2084383,22.81000
2016-06-09 00:00:00,22.81000,23.03000,22.55000,22.85000,1261258,22.85000
2016-06-10 00:00:00,22.72000,22.72000,22.13000,22.14000,999018,22.14000
2016-06-13 00:00:00,21.87000,22.50000,21.79000,22.42000,1039607,22.42000
2016-06-14 00:00:00,22.38000,22.67000,21.76000,22.07000,2216714,22.07000
2016-06-15 00:00:00,22.13000,22.44000,21.73000,21.96000,2790244,21.96000
2016-06-16 00:00:00,21.87000,22.35000,21.48000,22.26000,1469375,22.26000
2016-06-17 00:00:00,22.54000,22.79000,22.12000,22.30000,2218464,22.30000
2016-06-20 00:00:00,22.96000,22.96000,22.51000,22.62000,1322084,22.62000
2016-06-21 00:00:00,22.42000,22.96000,22.18000,22.88000,1713243,22.88000
2016-06-22 00:00:00,22.75000,23.36000,22.66000,22.96000,1328355,22.96000
2016-06-23 00:00:00,23.20000,23.72000,22.98000,23.55000,1079648,23.55000
2016-06-24 00:00:00,22.82000,23.33000,22.70000,23.15000,1706536,23.15000
2016-06-27 00:00:00,23.03000,23.25000,22.26000,22.54000,1279957,22.54000
2016-06-28 00:00:00,22.93000,23.31000,22.74000,23.06000,978996,23.06000
2016-06-29 00:00:00,23.54000,23.68000,23.26000,23.43000,1653731,23.43000
2016-06-30 00:00:00,23.43000,23.99000,23.24000,23.77000,1659892,23.77000
2016-07-01 00:00:00,23.99000,24.08000,23.63000,23.99000,1263894,23.99000
2016-07-04 00:00:00,24.11000,24.22000,23.81000,23.93000,400839,23.93000
2016-07-05 00:00:00,23.77000,23.95000,23.42000,23.76000,792328,23.76000
2016-07-06 00:00:00,23.51000,23.84000,23.28000,23.64000,1670784,23.64000
2016-07-07 00:00:00,23.64000,24.17000,23.54000,23.74000,1268847,23.74000
2016-07-08 00:00:00,24.06000,24.51000,23.93000,24.25000,1194928,24.25000
2016-07-11 00:00:00,24.32000,24.77000,24.20000,24.30000,1993746,24.30000
2016-07-12 00:00:00,24.62000,24.70000,24.16000,24.34000,1816423,24.34000
2016-07-13 00:00:00,24.21000,24.79000,24.17000,24.71000,1126068,24.71000
2016-07-14 00:00:00,25.08000,25.69000,25.08000,25.53000,1991986,25.53000
2016-07-15 00:00:00,25.53000,25.90000,25.35000,25.66000,1309547,25.66000
2016-07-18 00:00:00,25.53000,26.19000,25.47000,26.07000,4252789,26.07000
2016-07-19 00:00:00,26.14000,26.14000,25.78000,26.02000,1715883,26.02000
2016-07-20 00:00:00,26.02000,26.34000,25.74000,26.24000,1472783,26.24000
2016-07-21 00:00:00,26.15000,26.33000,25.69000,26.11000,1416023,26.11000
2016-07-22 00:00:00,26.05000,26.31000,25.92000,26.15000,1195367,26.15000
2016-07-25 00:00:00,26.11000,26.29000,25.60000,25.97000,1065677,25.97000
2016-07-26 00:00:00,25.90000,26.15000,25.83000,25.89000,939177,25.89000
2016-07-27 00:00:00,25.97000,26.30000,25.89000,25.98000,983616,25.98000
2016-07-28 00:00:00,25.86000,25.87000,24.80000,25.23000,1756366,25.23000
2016-07-29 00:00:00,25.16000,26.12000,25.16000,25.72000,1934784,25.72000
2016-08-01 00:00:00,25.73000,26.38000,25.72000,25.97000,1079316,25.97000
2016-08-02 00:00:00,25.72000,26.17000,25.34000,25.60000,1298434,25.60000
2016-08-03 00:00:00,25.40000,25.99000,25.31000,25.83000,1690034,25.83000
2016-08-04 00:00:00,26.12000,26.49000,25.95000,26.34000,1105387,26.34000
2016-08-05 00:00:00,26.35000,26.45000,25.98000,26.27000,1072939,26.27000
2016-08-08 00:00:00,26.18000,26.49000,26.06000,26.21000,665938,26.21000
2016-08-09 00:00:00,26.45000,26.51000,26.11000,26.32000,707738,26.32000
2016-08-10 00:00:00,26.28000,26.43000,25.45000,25.55000,1696520,25.55000
2016-08-11 00:00:00,25.43000,26.26000,25.41000,26.17000,2092854,26.17000
2016-08-12 00:00:00,25.95000,26.42000,25.95000,26.27000,1591916,26.27000
2016-08-15 00:00:00,26.31000,26.89000,26.27000,26.67000,781439,26.67000
2016-08-16 00:00:00,26.08000,26.58000,26.08000,26.33000,1656262,26.33000
2016-08-17 00:00:00,26.12000,26.50000,25.73000,26.49000,1445726,26.49000
2016-08-18 00:00:00,26.37000,26.65000,26.20000,26.46000,995826,26.46000
2016-08-19 00:00:00,26.33000,26.49000,26.02000,26.27000,1142785,26.27000
2016-08-22 00:00:00,26.08000,26.26000,25.41000,25.59000,1161376,25.59000
2016-08-23 00:00:00,25.56000,25.93000,25.06000,25.23000,1026187,25.23000
2016-08-24 00:00:00,24.94000,25.34000,24.83000,25.20000,1044445,25.20000
2016-08-25 00:00:00,25.20000,25.68000,25.17000,25.24000,1015625,25.24000
2016-08-26 00:00:00,25.49000,25.98000,25.06000,25.32000,1241898,25.32000
2016-08-29 00:00:00,25.31000,26.17000,25.29000,26.00000,1111878,26.00000
2016-08-30 00:00:00,25.92000,26.24000,25.69000,26.09000,562760,26.09000
2016-08-31 00:00:00,25.98000,26.49000,25.41000,25.64000,2271822,25.64000
2016-09-01 00:00:00,25.65000,25.96000,25.38000,25.70000,1911130,25.70000
2016-09-02 00:00:00,25.85000,26.63000,25.74000,26.41000,1340345,26.41000
2016-09-05 00:00:00,26.43000,26.71000,26.24000,26.56000,431419,26.56000
2016-09-06 00:00:00,26.63000,26.88000,26.37000,26.73000,1169185,26.73000
2016-09-08 00:00:00,26.64000,26.88000,26.50000,26.71000,2695423,26.71000
2016-09-09 00:00:00,26.30000,26.43000,25.21000,25.30000,2171395,25.30000
2016-09-12 00:00:00,25.10000,25.44000,24.81000,25.33000,1237278,25.33000
2016-09-13 00:00:00,24.95000,24.95000,24.32000,24.51000,1945235,24.51000
2016-09-14 00:00:00,24.55000,24.69000,24.26000,24.49000,1590487,24.49000
2016-09-15 00:00:00,24.54000,24.97000,24.32000,24.82000,1448588,24.82000
2016-09-16 00:00:00,24.53000,24.85000,24.16000,24.16000,2580470,24.16000
2016-09-19 00:00:00,24.60000,25.03000,24.20000,24.41000,1115619,24.41000
2016-09-20 00:00:00,24.69000,24.90000,24.47000,24.76000,1026848,24.76000
2016-09-21 00:00:00,24.99000,25.36000,24.63000,25.18000,1689923,25.18000
2016-09-22 00:00:00,25.66000,25.66000,25.09000,25.35000,1264778,25.35000
2016-09-23 00:00:00,25.27000,25.58000,25.08000,25.35000,1005837,25.35000
2016-09-26 00:00:00,25.09000,25.27000,24.89000,25.16000,867898,25.16000
2016-09-27 00:00:00,25.34000,25.52000,24.95000,25.28000,1015957,25.28000
2016-09-28 00:00:00,25.30000,25.58000,25.10000,25.43000,4920700,25.43000
2016-09-29 00:00:00,25.52000,25.65000,24.84000,24.96000,1173698,24.96000
2016-09-30 00:00:00,25.09000,25.32000,24.79000,24.99000,1589935,24.99000
2016-10-03 00:00:00,24.85000,25.58000,24.85000,25.49000,1466516,25.49000
2016-10-04 00:00:00,25.49000,25.88000,25.48000,25.76000,1483345,25.76000
2016-10-05 00:00:00,26.01000,26.27000,25.88000,26.15000,2331107,26.15000
2016-10-06 00:00:00,26.03000,26.40000,25.93000,26.27000,1055778,26.27000
2016-10-07 00:00:00,26.39000,26.71000,26.22000,26.67000,1684754,26.67000
2016-10-10 00:00:00,26.75000,27.13000,26.75000,26.82000,949848,26.82000
2016-10-11 00:00:00,26.79000,26.93000,26.62000,26.84000,1649114,26.84000
2016-10-13 00:00:00,26.71000,27.11000,26.54000,26.89000,3382153,26.89000
2016-10-14 00:00:00,26.97000,27.47000,26.89000,27.07000,1424936,27.07000
2016-10-17 00:00:00,27.21000,27.60000,27.00000,27.36000,1191518,27.36000
2016-10-18 00:00:00,27.50000,28.26000,27.43000,28.04000,1919058,28.04000
2016-10-19 00:00:00,28.04000,28.18000,27.59000,27.86000,1201527,27.86000
2016-10-20 00:00:00,27.58000,28.13000,27.31000,28.01000,873839,28.01000
2016-10-21 00:00:00,27.86000,28.05000,27.65000,27.77000,1021678,27.77000
2016-10-24 00:00:00,27.65000,27.91000,27.44000,27.49000,746128,27.49000
2016-10-25 00:00:00,27.49000,27.62000,26.98000,27.38000,1104728,27.38000
2016-10-26 00:00:00,27.24000,27.59000,27.05000,27.33000,1221874,27.33000
2016-10-27 00:00:00,27.32000,28.04000,27.32000,27.74000,1183378,27.74000
2016-10-28 00:00:00,27.69000,28.09000,27.29000,27.65000,1570356,27.65000
2016-10-31 00:00:00,27.75000,28.63000,27.75000,28.48000,1845027,28.48000
2016-11-01 00:00:00,28.41000,28.64000,27.51000,27.78000,1521847,27.78000
2016-11-03 00:00:00,27.72000,28.29000,27.22000,27.22000,1346396,27.22000
2016-11-04 00:00:00,27.03000,27.77000,26.78000,27.08000,1573328,27.08000
2016-11-07 00:00:00,27.64000,28.15000,27.43000,27.97000,1607536,27.97000
2016-11-08 00:00:00,28.05000,28.62000,27.86000,28.18000,795629,28.18000
2016-11-09 00:00:00,27.22000,28.26000,26.82000,27.59000,1790136,27.59000
2016-11-10 00:00:00,27.24000,27.24000,25.13000,25.86000,3072186,25.86000
2016-11-11 00:00:00,25.52000,26.29000,24.70000,25.04000,2980555,25.04000
2016-11-14 00:00:00,24.86000,25.30000,24.46000,24.96000,2214406,24.96000
2016-11-16 00:00:00,25.38000,25.84000,24.65000,25.47000,2143897,25.47000
2016-11-17 00:00:00,25.78000,25.78000,24.89000,25.04000,1200868,25.04000
2016-11-18 00:00:00,24.94000,25.66000,24.94000,25.43000,933349,25.43000
2016-11-21 00:00:00,25.51000,25.98000,25.22000,25.58000,1351674,25.58000
2016-11-22 00:00:00,26.14000,26.26000,25.53000,26.05000,1708953,26.05000
2016-11-23 00:00:00,25.98000,26.22000,25.79000,26.22000,1214068,26.22000
2016-11-24 00:00:00,26.22000,26.23000,25.75000,25.93000,440989,25.93000
2016-11-25 00:00:00,25.78000,26.09000,25.40000,26.00000,764059,26.00000
2016-11-28 00:00:00,25.91000,26.38000,25.61000,26.24000,1171058,26.24000
2016-11-29 00:00:00,26.04000,26.31000,25.67000,25.69000,1199987,25.69000
2016-11-30 00:00:00,26.16000,26.53000,25.74000,26.18000,2855803,26.18000
2016-12-01 00:00:00,25.34000,25.48000,24.34000,24.65000,4232574,24.65000
2016-12-02 00:00:00,24.16000,25.07000,23.75000,24.78000,2362467,24.78000
2016-12-05 00:00:00,24.95000,25.02000,24.47000,24.80000,1128268,24.80000
2016-12-06 00:00:00,24.68000,25.25000,24.35000,25.16000,1895188,25.16000
2016-12-07 00:00:00,25.54000,25.54000,24.81000,24.81000,2928191,24.81000
2016-12-08 00:00:00,25.13000,25.26000,24.71000,24.97000,1654067,24.97000
2016-12-09 00:00:00,25.17000,25.31000,24.73000,25.24000,1548576,25.24000
2016-12-12 00:00:00,24.63000,25.17000,24.56000,24.95000,2194492,24.95000
2016-12-13 00:00:00,24.72000,25.33000,24.67000,25.03000,1563428,25.03000
2016-12-14 00:00:00,25.14000,25.34000,24.68000,24.70000,2022344,24.70000
2016-12-15 00:00:00,24.72000,24.96000,24.48000,24.72000,2263245,24.72000
2016-12-16 00:00:00,24.77000,25.42000,24.77000,25.04000,2284577,25.04000
2016-12-19 00:00:00,25.03000,25.22000,24.39000,24.53000,1391055,24.53000
2016-12-20 00:00:00,24.73000,24.96000,24.47000,24.72000,1160828,24.72000
2016-12-21 00:00:00,24.88000,24.97000,24.23000,24.27000,3009146,24.27000
2016-12-22 00:00:00,24.36000,24.45000,23.94000,24.20000,2070411,24.20000
2016-12-23 00:00:00,24.36000,24.98000,24.35000,24.78000,1310428,24.78000
2016-12-26 00:00:00,24.80000,25.38000,24.80000,25.29000,521729,25.29000
2016-12-27 00:00:00,25.55000,25.65000,25.02000,25.35000,667040,25.35000
2016-12-28 00:00:00,25.24000,26.26000,25.20000,25.94000,1358718,25.94000
2016-12-29 00:00:00,26.01000,26.41000,25.70000,26.41000,1337375,26.41000
2017-01-02 00:00:00,26.12000,26.54000,25.96000,26.12000,606539,26.12000
2017-01-03 00:00:00,26.44000,27.25000,26.38000,27.18000,1419108,27.18000
2017-01-04 00:00:00,26.92000,27.30000,26.92000,27.17000,848648,27.17000
2017-01-05 00:00:00,27.05000,27.49000,27.05000,27.33000,1504905,27.33000
2017-01-06 00:00:00,27.48000,27.65000,27.28000,27.54000,622598,27.54000
2017-01-09 00:00:00,27.35000,27.73000,27.28000,27.66000,824778,27.66000
2017-01-10 00:00:00,27.66000,27.84000,27.44000,27.66000,795848,27.66000
2017-01-11 00:00:00,27.82000,27.85000,27.29000,27.39000,1916854,27.39000
2017-01-12 00:00:00,28.25000,28.47000,27.90000,28.04000,2490284,28.04000
2017-01-13 00:00:00,27.80000,28.34000,27.72000,27.90000,4365095,27.90000
2017-01-16 00:00:00,27.70000,28.11000,27.69000,28.01000,641299,28.01000
2017-01-17 00:00:00,27.83000,28.79000,27.83000,28.61000,1628542,28.61000
2017-01-18 00:00:00,28.75000,28.75000,28.18000,28.30000,1025417,28.30000
2017-01-19 00:00:00,28.30000,28.48000,27.92000,28.48000,2043679,28.48000
2017-01-20 00:00:00,28.82000,28.82000,28.37000,28.58000,1128158,28.58000
2017-01-23 00:00:00,28.71000,29.47000,28.51000,29.37000,1528337,29.37000
2017-01-24 00:00:00,29.36000,29.56000,28.87000,29.31000,1260265,29.31000
2017-01-26 00:00:00,29.82000,29.95000,29.40000,29.82000,2395020,29.82000
2017-01-27 00:00:00,29.85000,29.88000,29.45000,29.66000,1240027,29.66000
2017-01-30 00:00:00,29.52000,29.65000,28.97000,29.21000,1014419,29.21000
2017-01-31 00:00:00,29.21000,29.39000,28.79000,29.15000,1421637,29.15000
2017-02-01 00:00:00,29.48000,29.49000,29.05000,29.05000,1377525,29.05000
2017-02-02 00:00:00,28.13000,28.80000,27.59000,28.34000,1584438,28.34000
2017-02-03 00:00:00,28.31000,29.64000,28.27000,29.02000,1969656,29.02000
2017-02-06 00:00:00,29.16000,29.29000,28.26000,28.43000,942477,28.43000
2017-02-07 00:00:00,28.72000,28.84000,28.32000,28.57000,1017056,28.57000
2017-02-08 00:00:00,28.66000,28.92000,28.25000,28.65000,1812683,28.65000
2017-02-09 00:00:00,28.69000,28.81000,28.46000,28.58000,1632836,28.58000
2017-02-10 00:00:00,28.55000,29.04000,28.35000,28.68000,1895953,28.68000
2017-02-13 00:00:00,28.68000,28.88000,28.52000,28.64000,1446606,28.64000
2017-02-14 00:00:00,28.68000,28.85000,28.41000,28.41000,1890344,28.41000
2017-02-15 00:00:00,28.70000,29.14000,28.40000,28.95000,2285467,28.95000
2017-02-16 00:00:00,28.86000,29.24000,28.77000,28.90000,1637234,28.90000
2017-02-17 00:00:00,28.61000,29.03000,28.38000,28.94000,876477,28.94000
2017-02-20 00:00:00,28.94000,29.24000,28.71000,29.04000,609179,29.04000
2017-02-21 00:00:00,29.19000,30.00000,29.01000,29.93000,1480926,29.93000
2017-02-22 00:00:00,29.86000,30.64000,29.73000,30.54000,3468504,30.54000
2017-02-23 00:00:00,30.70000,31.01000,29.83000,30.02000,1591805,30.02000
2017-02-24 00:00:00,29.82000,30.10000,29.34000,29.62000,2209230,29.62000
2017-03-01 00:00:00,29.86000,29.89000,28.84000,28.95000,1986485,28.95000
2017-03-02 00:00:00,28.93000,29.12000,28.60000,28.67000,2333749,28.67000
2017-03-03 00:00:00,28.82000,29.19000,28.78000,29.07000,4035984,29.07000
2017-03-06 00:00:00,29.21000,29.55000,28.92000,29.20000,2498859,29.20000
2017-03-07 00:00:00,29.45000,29.45000,28.88000,28.97000,2296786,28.97000
2017-03-08 00:00:00,29.12000,29.12000,28.62000,28.67000,3170626,28.67000
2017-03-09 00:00:00,28.71000,29.07000,28.57000,28.79000,1664405,28.79000
2017-03-10 00:00:00,28.91000,29.61000,28.86000,29.04000,2198338,29.04000
2017-03-13 00:00:00,29.13000,29.55000,28.83000,29.38000,1194706,29.38000
2017-03-14 00:00:00,29.38000,29.46000,28.97000,28.99000,1448366,28.99000
2017-03-15 00:00:00,29.11000,29.76000,28.81000,29.45000,2376429,29.45000
2017-03-16 00:00:00,29.45000,29.60000,29.15000,29.43000,1522947,29.43000
2017-03-17 00:00:00,29.56000,29.70000,28.77000,28.77000,4345739,28.77000
2017-03-20 00:00:00,28.92000,29.67000,28.74000,29.51000,1514256,29.51000
2017-03-21 00:00:00,29.47000,29.48000,28.19000,28.47000,2492266,28.47000
2017-03-22 00:00:00,28.47000,28.90000,28.11000,28.30000,1786067,28.30000
2017-03-23 00:00:00,27.98000,28.69000,27.88000,28.49000,859208,28.49000
2017-03-24 00:00:00,28.28000,28.97000,28.28000,28.95000,918718,28.95000
2017-03-27 00:00:00,28.80000,29.41000,28.54000,29.17000,676608,29.17000
2017-03-28 00:00:00,29.06000,29.65000,28.81000,29.51000,1045765,29.51000
2017-03-29 00:00:00,29.54000,29.83000,29.15000,29.61000,1696087,29.61000
2017-03-30 00:00:00,29.76000,29.84000,29.27000,29.47000,1306686,29.47000
2017-03-31 00:00:00,29.13000,29.88000,29.03000,29.11000,1565185,29.11000
2017-04-03 00:00:00,29.25000,29.75000,29.06000,29.42000,839077,29.42000
2017-04-04 00:00:00,29.27000,29.65000,29.06000,29.65000,674518,29.65000
2017-04-05 00:00:00,29.67000,29.78000,28.71000,28.86000,1450016,28.86000
2017-04-06 00:00:00,28.88000,28.96000,28.16000,28.60000,1149166,28.60000
2017-04-07 00:00:00,28.46000,29.10000,28.43000,28.62000,827087,28.62000
2017-04-10 00:00:00,28.55000,28.95000,28.12000,28.73000,1963376,28.73000
2017-04-11 00:00:00,28.86000,29.12000,28.13000,28.83000,1631183,28.83000
2017-04-12 00:00:00,28.80000,29.13000,28.45000,28.64000,2756919,28.64000
2017-04-13 00:00:00,28.42000,28.56000,27.86000,27.86000,1475095,27.86000
2017-04-17 00:00:00,27.88000,29.16000,27.88000,28.95000,955567,28.95000
2017-04-18 00:00:00,28.82000,29.45000,28.59000,28.96000,592568,28.96000
2017-04-19 00:00:00,29.06000,29.11000,28.31000,28.50000,925208,28.50000
2017-04-20 00:00:00,28.71000,28.84000,27.90000,28.18000,1026738,28.18000
2017-04-24 00:00:00,28.47000,28.86000,28.42000,28.72000,1669134,28.72000
2017-04-25 00:00:00,28.57000,28.90000,28.38000,28.81000,1694211,28.81000
2017-04-26 00:00:00,28.55000,29.29000,28.55000,28.90000,988786,28.90000
2017-04-27 00:00:00,29.20000,29.95000,29.20000,29.76000,1350572,29.76000
2017-04-28 00:00:00,29.69000,29.69000,29.30000,29.58000,1899029,29.58000
2017-05-02 00:00:00,29.99000,30.59000,29.69000,30.59000,1894000,30.59000
2017-05-03 00:00:00,30.48000,30.88000,29.80000,30.27000,858300,30.27000
2017-05-04 00:00:00,30.16000,30.32000,29.62000,29.65000,1637400,29.65000
2017-05-05 00:00:00,29.94000,30.17000,29.67000,29.97000,417000,29.97000
